Symbol,Time,pred,expected_value,proba_-1,proba_0,proba_1
BTC-USD,2025-12-09 02:12:38.891975+00:00,-1.0,-0.1692576927407929,0.4337052969668661,0.30184709880706073,0.2644476042260732
BTC-USD,2025-12-09 02:12:38.891975+00:00,0.0,-0.1297314782370197,0.31485053109264477,0.5000304160517303,0.18511905285562508
BTC-USD,2025-12-09 02:12:39.327485+00:00,-1.0,-0.6715975367199891,0.7832937159691888,0.10501010478161148,0.11169617924919968
BTC-USD,2025-12-09 02:12:39.327485+00:00,0.0,-0.1297314782370197,0.31485053109264477,0.5000304160517303,0.18511905285562508
BTC-USD,2025-12-09 02:12:39.327485+00:00,-1.0,-0.8299996998562913,0.8697770677335147,0.09044556438926205,0.039777367877223364
BTC-USD,2025-12-09 02:12:39.327485+00:00,-1.0,-0.5359682662109889,0.6400693651638569,0.2558295358832752,0.10410109895286801
BTC-USD,2025-12-09 02:12:39.393877+00:00,-1.0,-0.8252064443213084,0.8803588398710946,0.06448876457911908,0.055152395549786196
BTC-USD,2025-12-09 02:12:39.393877+00:00,-1.0,-0.5246682977198587,0.6309422461628796,0.26278380539409946,0.10627394844302102
BTC-USD,2025-12-09 02:12:39.509095+00:00,-1.0,-0.6482893588935764,0.7701058813259554,0.10807759624166574,0.12181652243237893
BTC-USD,2025-12-09 02:12:39.509095+00:00,-1.0,-0.5107804928569734,0.6196983616553039,0.2713837695463656,0.10891786879833056
BTC-USD,2025-12-09 02:12:39.557036+00:00,-1.0,-0.8230955210619364,0.8830207885818433,0.05705394389824984,0.059925267519906955
BTC-USD,2025-12-09 02:12:39.557036+00:00,-1.0,-0.5456199960272861,0.6588246265005605,0.22797074302616496,0.11320463047327445
BTC-USD,2025-12-09 02:12:39.558961+00:00,-1.0,-0.5176142597867186,0.6313282169780552,0.2549578258306082,0.1137139571913366
BTC-USD,2025-12-09 02:12:39.558961+00:00,-1.0,-0.49433501592795215,0.6016203391431768,0.2910943376415985,0.10728532321522467
BTC-USD,2025-12-09 02:12:39.569017+00:00,-1.0,-0.4994130123640019,0.6036647441162658,0.2920835241314703,0.10425173175226392
BTC-USD,2025-12-09 02:12:39.569017+00:00,0.0,-0.16183389818805155,0.31476758787288045,0.5322987224422907,0.1529336896848289
BTC-USD,2025-12-09 02:12:39.714618+00:00,-1.0,-0.6681285235987824,0.7660691072139224,0.13599030917093738,0.09794058361514008
BTC-USD,2025-12-09 02:12:39.714618+00:00,-1.0,-0.4023616888560487,0.5161966540438785,0.3699683807682918,0.11383496518782976
BTC-USD,2025-12-09 02:12:39.714618+00:00,-1.0,-0.40487597155333216,0.5178501725062166,0.369175626540899,0.1129742009528844
BTC-USD,2025-12-09 02:12:39.714618+00:00,0.0,-0.20396524272928143,0.3340364201717096,0.5358924023858622,0.13007117744242816
BTC-USD,2025-12-09 02:12:39.895792+00:00,-1.0,-0.5694774727876245,0.7019807468951437,0.16551597899733728,0.13250327410751916
BTC-USD,2025-12-09 02:12:39.895792+00:00,-1.0,-0.3129724239570787,0.44707078269687156,0.4188308585633355,0.13409835873979287
BTC-USD,2025-12-09 02:12:39.895792+00:00,-1.0,-0.2923267049078657,0.43627938545859307,0.4197679339906796,0.14395268055072735
BTC-USD,2025-12-09 02:12:39.895792+00:00,-1.0,-0.2923267049078657,0.43627938545859307,0.4197679339906796,0.14395268055072735
BTC-USD,2025-12-09 02:12:39.895792+00:00,-1.0,-0.5690738713876192,0.6962600615694894,0.17655374824864034,0.1271861901818702
BTC-USD,2025-12-09 02:12:39.895792+00:00,0.0,-0.20108759911332233,0.37476705934428584,0.4515534804247507,0.1736794602309635
BTC-USD,2025-12-09 02:12:39.895792+00:00,0.0,-0.2642210751534765,0.3911857901299013,0.481849494893674,0.12696471497642478
BTC-USD,2025-12-09 02:12:39.895792+00:00,0.0,-0.2642210751534765,0.3911857901299013,0.481849494893674,0.12696471497642478
BTC-USD,2025-12-09 02:12:40.521673+00:00,-1.0,-0.4733971935183844,0.6018757307332342,0.26964573205191594,0.1284785372148498
BTC-USD,2025-12-09 02:12:40.521673+00:00,0.0,-0.17652958048202197,0.3134780640966156,0.5495734522887907,0.13694848361459364
BTC-USD,2025-12-09 02:12:41.719435+00:00,-1.0,-0.5956232867222846,0.6708268934981891,0.2539694997259063,0.07520360677590458
BTC-USD,2025-12-09 02:12:41.719435+00:00,0.0,-0.2400228128815547,0.32385279135409833,0.5923172301733581,0.08382997847254366
BTC-USD,2025-12-09 02:12:41.719435+00:00,0.0,-0.22698791083351408,0.3178660003819399,0.5912559100696343,0.09087808954842583
BTC-USD,2025-12-09 02:12:41.719435+00:00,0.0,-0.16292506628667958,0.2647734549673993,0.6333781563518809,0.10184838868071973
BTC-USD,2025-12-09 02:12:41.719435+00:00,0.0,-0.16277610012438565,0.25680226374574766,0.6491715726328904,0.09402616362136203
BTC-USD,2025-12-09 02:12:41.719435+00:00,0.0,-0.08711626679884861,0.18963956466218443,0.7078371374744797,0.10252329786333582
BTC-USD,2025-12-09 02:12:41.719435+00:00,0.0,-0.10242413689992663,0.20367514198855383,0.695073852922819,0.1012510050886272
BTC-USD,2025-12-09 02:12:41.719435+00:00,0.0,-0.10074053145113522,0.20032721454474894,0.7000861023616374,0.09958668309361372
BTC-USD,2025-12-09 02:12:41.719435+00:00,0.0,-0.14625654761029755,0.2282757649553986,0.6897050176995004,0.08201921734510105
BTC-USD,2025-12-09 02:12:41.719435+00:00,0.0,-0.14622298697914335,0.22822338385606122,0.6897762192670208,0.08200039687691787
BTC-USD,2025-12-09 02:12:41.719435+00:00,-1.0,-0.6180188719562781,0.699848460257255,0.21832195144176803,0.0818295883009769
BTC-USD,2025-12-09 02:12:41.719435+00:00,0.0,-0.2192988051838972,0.3691242926957461,0.4810502197924051,0.1498254875118489
BTC-USD,2025-12-09 02:12:42.977332+00:00,1.0,0.5731194249429515,0.09366245128719843,0.23955567248265158,0.66678187623015
BTC-USD,2025-12-09 02:12:42.977332+00:00,0.0,0.0968986793521841,0.18080374011421374,0.5414938404193884,0.27770241946639784
BTC-USD,2025-12-09 02:12:44.076486+00:00,-1.0,-0.18591051377471157,0.4717785282128452,0.24235345734902108,0.28586801443813364
BTC-USD,2025-12-09 02:12:44.076486+00:00,0.0,0.10044943294651634,0.20005090893321528,0.499448749187053,0.3005003418797316
BTC-USD,2025-12-09 02:12:44.076486+00:00,0.0,0.09567878258853157,0.19910152141714876,0.5061181745771709,0.29478030400568034
BTC-USD,2025-12-09 02:12:44.076486+00:00,0.0,-0.19632057921787627,0.3464684514634996,0.5033836762908772,0.15014787224562332
BTC-USD,2025-12-09 02:12:44.076486+00:00,-1.0,-0.4603228309801175,0.6278305911192,0.20466164874171747,0.1675077601390825
BTC-USD,2025-12-09 02:12:44.076486+00:00,-1.0,-0.21032244851266405,0.4162136946237268,0.37789505926521044,0.20589124611106277
BTC-USD,2025-12-09 02:12:44.076486+00:00,0.0,-0.14407698779273703,0.3641478737072727,0.41578124037819153,0.22007088591453566
BTC-USD,2025-12-09 02:12:44.076486+00:00,0.0,-0.14407698779273703,0.3641478737072727,0.41578124037819153,0.22007088591453566
BTC-USD,2025-12-09 02:12:44.076486+00:00,-1.0,-0.6258106514880478,0.701464016089459,0.2228826193091299,0.07565336460141113
BTC-USD,2025-12-09 02:12:44.076486+00:00,0.0,-0.23021965510987494,0.4034683896419281,0.4232828758260187,0.17324873453205317
BTC-USD,2025-12-09 02:12:44.076486+00:00,-1.0,-0.5848804543913024,0.6990746074183145,0.18673123955467338,0.11419415302701205
BTC-USD,2025-12-09 02:12:44.076486+00:00,0.0,-0.2614769978675474,0.41710029256577696,0.42727641273599354,0.15562329469822953
BTC-USD,2025-12-09 02:12:44.231878+00:00,1.0,0.0494428399738831,0.3313119481652318,0.28793326369565336,0.3807547881391149
BTC-USD,2025-12-09 02:12:44.231878+00:00,0.0,0.11326249481455114,0.23195265451634028,0.4228321961527683,0.3452151493308914
BTC-USD,2025-12-09 02:12:44.337686+00:00,-1.0,-0.5189113942013035,0.6461229059858802,0.2266655822295432,0.12721151178457668
BTC-USD,2025-12-09 02:12:44.337686+00:00,0.0,-0.20141295089019015,0.35720310112241416,0.48700674864536186,0.155790150232224
BTC-USD,2025-12-09 02:12:44.337686+00:00,0.0,-0.2722711116703247,0.41885827060834707,0.43455457045363055,0.14658715893802238
BTC-USD,2025-12-09 02:12:44.337686+00:00,0.0,-0.2706762517911772,0.4124500594520653,0.44577613288704665,0.1417738076608881
BTC-USD,2025-12-09 02:12:44.337686+00:00,-1.0,-0.6296399891861224,0.7206913871217847,0.18825721494255282,0.0910513979356623
BTC-USD,2025-12-09 02:12:44.337686+00:00,0.0,-0.25971426992142876,0.39311847738471895,0.473477315151991,0.13340420746329018
BTC-USD,2025-12-09 02:12:44.753500+00:00,-1.0,-0.5328874951304372,0.649223871505546,0.23443975211934534,0.11633637637510871
BTC-USD,2025-12-09 02:12:44.753500+00:00,0.0,-0.24926072024714502,0.37902181544688507,0.4912170893533749,0.12976109519974005
BTC-USD,2025-12-09 02:12:44.865683+00:00,0.0,-0.18533359748046097,0.3271578655246833,0.5310178664310944,0.14182426804422232
BTC-USD,2025-12-09 02:12:44.865683+00:00,0.0,-0.1804182154767811,0.3230981963043877,0.5342218228680057,0.14267998082760658
BTC-USD,2025-12-09 02:12:45.260673+00:00,-1.0,-0.5968578828424389,0.7006450887896606,0.19556770526311779,0.10378720594722164
BTC-USD,2025-12-09 02:12:45.260673+00:00,0.0,-0.23261087607909092,0.34542857764212,0.541753720794851,0.11281770156302907
BTC-USD,2025-12-09 02:12:45.260673+00:00,0.0,-0.24086970253382206,0.35313279505249084,0.5346041124288403,0.1122630925186688
BTC-USD,2025-12-09 02:12:45.260673+00:00,0.0,-0.24086970253382206,0.35313279505249084,0.5346041124288403,0.1122630925186688
BTC-USD,2025-12-09 02:12:45.260673+00:00,0.0,-0.17062792596499185,0.31809129225291416,0.5344453414591634,0.1474633662879223
BTC-USD,2025-12-09 02:12:45.260673+00:00,0.0,-0.035809747887078136,0.22211613205747793,0.5915774837721223,0.1863063841703998
BTC-USD,2025-12-09 02:12:45.260673+00:00,0.0,-0.08329965344961096,0.2618095857690697,0.5596804819114716,0.17850993231945875
BTC-USD,2025-12-09 02:12:45.260673+00:00,0.0,-0.084286390346868,0.2620480582706636,0.5601902738055409,0.17776166792379558
BTC-USD,2025-12-09 02:12:45.260673+00:00,-1.0,-0.31515033132214393,0.5472245764524764,0.22070117841719122,0.23207424513033242
BTC-USD,2025-12-09 02:12:45.260673+00:00,0.0,-0.1396324859826678,0.3434718498077318,0.4526887863672041,0.203839363825064
BTC-USD,2025-12-09 02:12:45.260673+00:00,-1.0,-0.6532719861717287,0.7435804049724194,0.1661111762268897,0.09030841880069079
BTC-USD,2025-12-09 02:12:45.260673+00:00,0.0,-0.22483791241027834,0.3683067558999944,0.48822440061028954,0.14346884348971606
BTC-USD,2025-12-09 02:12:45.260673+00:00,-1.0,-0.31786849239864357,0.5147572112936147,0.2883540698114141,0.19688871889497117
BTC-USD,2025-12-09 02:12:45.260673+00:00,0.0,-0.12432457405114983,0.2931018396710955,0.538120894708959,0.16877726561994566
BTC-USD,2025-12-09 02:12:45.260673+00:00,0.0,-0.11065048104999356,0.2820632848592943,0.546523911331405,0.17141280380930077
BTC-USD,2025-12-09 02:12:45.260673+00:00,0.0,-0.10888160096930599,0.27755416640498337,0.5537732681593391,0.16867256543567738
BTC-USD,2025-12-09 02:12:45.260673+00:00,-1.0,-0.690807995489137,0.7626955262220584,0.16541694304502022,0.07188753073292141
BTC-USD,2025-12-09 02:12:45.260673+00:00,0.0,-0.2554794855063798,0.3757819594172077,0.5039155666719644,0.12030247391082792
BTC-USD,2025-12-09 02:12:45.260673+00:00,-1.0,-0.7611011044545314,0.809899449101096,0.14130220625233936,0.04879834464656467
BTC-USD,2025-12-09 02:12:45.260673+00:00,-1.0,-0.46404559155217084,0.5873997893699169,0.2892460128123371,0.12335419781774601
BTC-USD,2025-12-09 02:12:45.260673+00:00,-1.0,-0.34525258247616897,0.4699218748480335,0.4054088327801021,0.12466929237186451
BTC-USD,2025-12-09 02:12:45.260673+00:00,-1.0,-0.34525258247616897,0.4699218748480335,0.4054088327801021,0.12466929237186451
BTC-USD,2025-12-09 02:12:46.289617+00:00,1.0,0.025348070426326696,0.38681853913046654,0.2010148513127401,0.41216660955679324
BTC-USD,2025-12-09 02:12:46.289617+00:00,0.0,0.16372239208077868,0.20286454554153563,0.4305485168361501,0.3665869376223143
BTC-USD,2025-12-09 02:12:46.289617+00:00,0.0,0.17276256743202997,0.1993680893985215,0.4285012537709271,0.37213065683055147
BTC-USD,2025-12-09 02:12:46.289617+00:00,0.0,0.17276256743202997,0.1993680893985215,0.4285012537709271,0.37213065683055147
BTC-USD,2025-12-09 02:12:46.562790+00:00,-1.0,-0.07219646413988295,0.4231705865462156,0.22585529104745183,0.35097412240633263
BTC-USD,2025-12-09 02:12:46.562790+00:00,0.0,-0.18443858951333353,0.37714998916085546,0.4301386111916226,0.19271139964752193
BTC-USD,2025-12-09 02:12:46.562790+00:00,-1.0,-0.22992668389255771,0.4993386641055132,0.23124935568153138,0.2694119802129555
BTC-USD,2025-12-09 02:12:46.562790+00:00,0.0,-0.16003500926771236,0.3531384732065574,0.45375806285459763,0.19310346393884503
BTC-USD,2025-12-09 02:12:46.995792+00:00,-1.0,-0.009409079625061878,0.3828305127885409,0.24374805404797997,0.37342143316347903
BTC-USD,2025-12-09 02:12:46.995792+00:00,0.0,0.0521111418620637,0.17982211568825335,0.5882446267614296,0.23193325755031705
BTC-USD,2025-12-09 02:12:46.995792+00:00,-1.0,-0.4565924477956179,0.6277977346760254,0.20099697844356704,0.17120528688040748
BTC-USD,2025-12-09 02:12:46.995792+00:00,0.0,0.09199519900392428,0.23214523514577368,0.4437143307045284,0.32414043414969795
BTC-USD,2025-12-09 02:12:47.630433+00:00,1.0,0.4277700776961856,0.19269384046810287,0.1868422413676087,0.6204639181642885
BTC-USD,2025-12-09 02:12:47.630433+00:00,0.0,-0.059948437317530606,0.24126269592508165,0.5774230454673672,0.18131425860755104
BTC-USD,2025-12-09 02:12:48.668876+00:00,-1.0,-0.5201441862451618,0.6760391062093862,0.16806597382638927,0.15589491996422447
BTC-USD,2025-12-09 02:12:48.668876+00:00,0.0,-0.21938625048996227,0.39012627854717397,0.4391336933956144,0.1707400280572117
BTC-USD,2025-12-09 02:12:48.668876+00:00,0.0,-0.09727612857010623,0.3340341759411538,0.4292077766877985,0.23675804737104758
BTC-USD,2025-12-09 02:12:48.668876+00:00,0.0,-0.0780476959393959,0.3189606531041105,0.44012638973117485,0.2409129571647146
BTC-USD,2025-12-09 02:12:48.978791+00:00,1.0,0.3259926695870666,0.2272525467421666,0.21950223692860016,0.5532452163292332
BTC-USD,2025-12-09 02:12:48.978791+00:00,0.0,0.09210128798738443,0.2321646999802604,0.4435693120520948,0.32426598796764483
BTC-USD,2025-12-09 02:12:48.978791+00:00,1.0,0.6244090330825286,0.1190499722576664,0.13749102240213865,0.743459005340195
BTC-USD,2025-12-09 02:12:48.978791+00:00,1.0,0.2272091724693014,0.23306596031693871,0.3066589068968211,0.4602751327862401
BTC-USD,2025-12-09 02:12:48.978791+00:00,1.0,0.5876784989608441,0.11543694403399711,0.18144761297116177,0.7031154429948412
BTC-USD,2025-12-09 02:12:48.978791+00:00,1.0,0.26006823664270123,0.17307410705084741,0.3937835492556038,0.43314234369354865
BTC-USD,2025-12-09 02:12:52.026044+00:00,1.0,0.22003568632383694,0.1904098914955594,0.39914453068504424,0.41044557781939633
BTC-USD,2025-12-09 02:12:52.026044+00:00,1.0,0.22863552010639124,0.1845902224800006,0.40218403493360755,0.41322574258639183
BTC-USD,2025-12-09 02:12:53.315423+00:00,1.0,0.2183038453946633,0.2768614041707666,0.2279733462638035,0.4951652495654299
BTC-USD,2025-12-09 02:12:53.315423+00:00,0.0,-0.08257769559298309,0.3004778492461388,0.4816219971007055,0.2179001536531557
BTC-USD,2025-12-09 02:12:53.315423+00:00,0.0,-0.12047063747299983,0.33475971709123425,0.45095120329053134,0.21428907961823443
BTC-USD,2025-12-09 02:12:53.315423+00:00,0.0,-0.12047063747299983,0.33475971709123425,0.45095120329053134,0.21428907961823443
BTC-USD,2025-12-09 02:12:53.315423+00:00,0.0,-0.06189098643669963,0.28048459900911454,0.5009217884184706,0.2185936125724149
BTC-USD,2025-12-09 02:12:53.315423+00:00,0.0,0.09343322424450762,0.16135328258845577,0.5838602105785808,0.2547865068329634
BTC-USD,2025-12-09 02:12:53.315423+00:00,0.0,-0.011451513454972528,0.2524946086776151,0.5064622960997424,0.24104309522264256
BTC-USD,2025-12-09 02:12:53.315423+00:00,0.0,-0.008728513307679597,0.2504355723042076,0.5078573686992643,0.241707058996528
BTC-USD,2025-12-09 02:12:54.271274+00:00,0.0,0.24941757552986635,0.16645965636486307,0.4176631117404075,0.4158772318947294
BTC-USD,2025-12-09 02:12:54.271274+00:00,0.0,0.2348083913850467,0.1271836088001573,0.5108243910146387,0.361992000185204
BTC-USD,2025-12-09 02:12:57.551681+00:00,0.0,0.2086943340432545,0.13493319078780336,0.5214392843811387,0.34362752483105785
BTC-USD,2025-12-09 02:12:57.551681+00:00,0.0,0.22439300681986396,0.12369759516595615,0.5282118028482237,0.3480906019858201
BTC-USD,2025-12-09 02:12:57.551681+00:00,1.0,0.6050818994834404,0.07527896429438136,0.24436017192779697,0.6803608637778217
BTC-USD,2025-12-09 02:12:57.551681+00:00,0.0,0.25254521999539653,0.13544184770241485,0.47657108459977365,0.3879870676978114
BTC-USD,2025-12-09 02:12:57.551681+00:00,1.0,0.6453874623890362,0.09564296215114668,0.16332661330867043,0.7410304245401829
BTC-USD,2025-12-09 02:12:57.551681+00:00,1.0,0.2969357283724323,0.14351361376496355,0.4160370440976407,0.44044934213739584
BTC-USD,2025-12-09 02:12:57.551681+00:00,0.0,0.2913592429422983,0.13876228841117924,0.43111618023534326,0.4301215313534775
BTC-USD,2025-12-09 02:12:57.551681+00:00,0.0,0.2789276465489512,0.1372119542726128,0.4466484449058233,0.416139600821564
BTC-USD,2025-12-09 02:12:57.551681+00:00,1.0,0.6781563550673155,0.0717929351469777,0.17825777463872905,0.7499492902142932
BTC-USD,2025-12-09 02:12:57.551681+00:00,1.0,0.3335545478223624,0.11434562702555187,0.4377541981265339,0.4479001748479143
BTC-USD,2025-12-09 02:12:57.551681+00:00,1.0,0.7245229118562436,0.05206824976399256,0.17134058861577123,0.7765911616202362
BTC-USD,2025-12-09 02:12:57.551681+00:00,1.0,0.38044134136208135,0.10414384567719276,0.4112709672835333,0.4845851870392741
BTC-USD,2025-12-09 02:12:57.758622+00:00,1.0,0.0704584973782838,0.35974609476483504,0.21004931309204602,0.43020459214311885
BTC-USD,2025-12-09 02:12:57.758622+00:00,0.0,-0.03352186667931534,0.3053401715320608,0.4228415236151937,0.27181830485274544
BTC-USD,2025-12-09 02:12:57.758622+00:00,-1.0,-0.3043409954714458,0.5578094041626913,0.18872218714606318,0.25346840869124554
BTC-USD,2025-12-09 02:12:57.758622+00:00,0.0,-0.10982211861041144,0.34346482918578114,0.42289246023884924,0.2336427105753697
BTC-USD,2025-12-09 02:12:57.758622+00:00,0.0,-0.11420736029709941,0.34699218089095263,0.4202229985151942,0.23278482059385322
BTC-USD,2025-12-09 02:12:57.758622+00:00,0.0,-0.09936705000061394,0.33535980291363493,0.42864744417334405,0.235992752913021
BTC-USD,2025-12-09 02:12:57.758622+00:00,0.0,-0.09179351791939133,0.3426081175811081,0.40657728275717514,0.25081459966171676
BTC-USD,2025-12-09 02:12:57.758622+00:00,0.0,0.062192123159678064,0.2083873053323759,0.5210332661755701,0.27057942849205396
BTC-USD,2025-12-09 02:12:57.758622+00:00,0.0,0.043204666569993,0.2182393746147171,0.5203165842005728,0.2614440411847101
BTC-USD,2025-12-09 02:12:57.758622+00:00,0.0,0.043204666569993,0.2182393746147171,0.5203165842005728,0.2614440411847101
BTC-USD,2025-12-09 02:12:57.758622+00:00,-1.0,-0.2924754379170427,0.5399813611211954,0.21251271567465185,0.2475059232041527
BTC-USD,2025-12-09 02:12:57.758622+00:00,0.0,-0.13184383360482047,0.33518847994966067,0.4614668737054992,0.2033446463448402
BTC-USD,2025-12-09 02:12:57.758622+00:00,-1.0,-0.33740205543443474,0.5485660185248041,0.2402700183848265,0.2111639630903694
BTC-USD,2025-12-09 02:12:57.758622+00:00,0.0,-0.1267596345727552,0.3196706981291318,0.48741823831449144,0.1929110635563766
BTC-USD,2025-12-09 02:12:58.136459+00:00,1.0,0.4475584694485706,0.1516324328040124,0.2491766649434046,0.599190902252583
BTC-USD,2025-12-09 02:12:58.136459+00:00,0.0,0.2684475390354145,0.14387709154608727,0.44379827787241094,0.4123246305815018
BTC-USD,2025-12-09 02:12:58.136459+00:00,1.0,0.3026138317591083,0.15853677531657936,0.380312617607733,0.4611506070756876
BTC-USD,2025-12-09 02:12:58.136459+00:00,1.0,0.28777824930656315,0.16190934780092106,0.3884030550915947,0.44968759710748424
BTC-USD,2025-12-09 02:12:58.136459+00:00,-1.0,-0.41485354955718606,0.5966095413934084,0.22163446677036927,0.18175599183622232
BTC-USD,2025-12-09 02:12:58.136459+00:00,0.0,-0.17179814339427807,0.38857812953092646,0.3946418843324251,0.2167799861366484
BTC-USD,2025-12-09 02:12:58.390436+00:00,1.0,0.2946910570917266,0.24726576317468577,0.2107774165589019,0.5419568202664123
BTC-USD,2025-12-09 02:12:58.390436+00:00,0.0,0.19024145660896316,0.15739017627437393,0.494978190842289,0.3476316328833371
BTC-USD,2025-12-09 02:13:00.243524+00:00,-1.0,-0.02334694826323508,0.387119169043552,0.24910861017613112,0.3637722207803169
BTC-USD,2025-12-09 02:13:00.243524+00:00,0.0,0.18937022852753002,0.1625849205676214,0.4854599303372271,0.3519551490951514
BTC-USD,2025-12-09 02:13:00.243524+00:00,1.0,0.5749341142906262,0.11347435973305194,0.19811716624327,0.6884084740236782
BTC-USD,2025-12-09 02:13:00.243524+00:00,0.0,-0.14609743749602203,0.34612641812755623,0.4538446012409097,0.2000289806315342
BTC-USD,2025-12-09 02:13:00.381584+00:00,-1.0,-0.41032017649913816,0.6013267992461845,0.20766657800676908,0.19100662274704633
BTC-USD,2025-12-09 02:13:00.381584+00:00,0.0,-0.009726573380598041,0.20684735685735983,0.5960318596658783,0.1971207834767618
BTC-USD,2025-12-09 02:13:00.558449+00:00,0.0,0.029709429597709808,0.19835062615125956,0.5735893180997711,0.22806005574896937
BTC-USD,2025-12-09 02:13:00.558449+00:00,0.0,-0.15698783336202743,0.3436981772651878,0.4695914788316519,0.18671034390316038
BTC-USD,2025-12-09 02:13:00.558449+00:00,1.0,0.23272975279050262,0.20691570731326342,0.3534388325829705,0.43964546010376604
BTC-USD,2025-12-09 02:13:00.558449+00:00,0.0,0.09602351835204459,0.19650953183319075,0.5109574179815739,0.29253305018523534
BTC-USD,2025-12-09 02:13:00.987420+00:00,-1.0,-0.30434314681002184,0.49086907265451135,0.3226050015009992,0.18652592584448954
BTC-USD,2025-12-09 02:13:00.987420+00:00,0.0,-0.1341710648513369,0.31850249907887274,0.4971660666935914,0.18433143422753584
BTC-USD,2025-12-09 02:13:00.987420+00:00,1.0,0.49881661369762315,0.11821199605684479,0.26475939418868727,0.6170286097544679
BTC-USD,2025-12-09 02:13:00.987420+00:00,0.0,0.012366808810288926,0.17476095893159238,0.6381112733265264,0.1871277677418813
BTC-USD,2025-12-09 02:13:02.255809+00:00,-1.0,-0.2706350500749011,0.5168667448665284,0.2369015603418443,0.24623169479162735
BTC-USD,2025-12-09 02:13:02.255809+00:00,0.0,-0.14096059132160701,0.3269784112901221,0.48700376874136286,0.1860178199685151
BTC-USD,2025-12-09 02:13:03.018217+00:00,-1.0,-0.1758448764603479,0.4774706431859092,0.2209035900885296,0.3016257667255613
BTC-USD,2025-12-09 02:13:03.018217+00:00,0.0,-0.0853122329844398,0.32367689425234375,0.4379584444797522,0.23836466126790395
BTC-USD,2025-12-09 02:13:03.018217+00:00,0.0,-0.1253321175345061,0.34122842098150225,0.4428752755715016,0.21589630344699615
BTC-USD,2025-12-09 02:13:03.018217+00:00,0.0,-0.10319125389767078,0.30082633153167093,0.5015385908343288,0.19763507763400015
BTC-USD,2025-12-09 02:13:03.018217+00:00,0.0,-0.07350180453113397,0.27476369275550044,0.5239744190201331,0.20126188822436647
BTC-USD,2025-12-09 02:13:03.018217+00:00,0.0,0.020002835079984127,0.20157093331631185,0.5768552982873921,0.22157376839629597
BTC-USD,2025-12-09 02:13:03.018217+00:00,-1.0,-0.28156295363062983,0.5231203126467133,0.2353223283372033,0.2415573590160835
BTC-USD,2025-12-09 02:13:03.018217+00:00,0.0,-0.11347095843661786,0.3344449067453941,0.4445811449458297,0.22097394830877626
BTC-USD,2025-12-09 02:13:03.018217+00:00,-1.0,-0.5109894859371411,0.6608680492374706,0.18925338746220016,0.1498785633003294
BTC-USD,2025-12-09 02:13:03.018217+00:00,0.0,-0.08655608551493565,0.3171270175134058,0.4523020504881241,0.23057093199847012
BTC-USD,2025-12-09 02:13:03.354895+00:00,1.0,0.07771577754873676,0.30996112373517426,0.30236197498091466,0.387676901283911
BTC-USD,2025-12-09 02:13:03.354895+00:00,0.0,0.0328042748368198,0.20033090567703707,0.5665339138091061,0.23313518051385687
BTC-USD,2025-12-09 02:13:03.354895+00:00,-1.0,-0.12885078279269885,0.4322800963436743,0.2642905901053502,0.30342931355097547
BTC-USD,2025-12-09 02:13:03.354895+00:00,0.0,0.0251305981309059,0.20477777708887332,0.5653138476913474,0.22990837521977922
BTC-USD,2025-12-09 02:13:04.973104+00:00,1.0,0.3469818800328841,0.23588914766370836,0.18123982463969912,0.5828710276965925
BTC-USD,2025-12-09 02:13:04.973104+00:00,0.0,0.13669264486389943,0.21501612060409842,0.4332751139279037,0.35170876546799784
BTC-USD,2025-12-09 02:13:04.976798+00:00,-1.0,-0.3265825537449676,0.541920161049715,0.24274223164553768,0.21533760730474738
BTC-USD,2025-12-09 02:13:04.976798+00:00,0.0,-0.17784917434147074,0.36846001511364873,0.4409291441141732,0.190610840772178
BTC-USD,2025-12-09 02:13:04.976798+00:00,-1.0,-0.5671388145489137,0.6770843725284822,0.2129700694919494,0.10994555797956854
BTC-USD,2025-12-09 02:13:04.976798+00:00,0.0,-0.23691682259871638,0.3687851210356956,0.49934658052732506,0.13186829843697923
BTC-USD,2025-12-09 02:13:04.977542+00:00,-1.0,-0.4463719322761418,0.5740420700050818,0.2982877922659782,0.12767013772893998
BTC-USD,2025-12-09 02:13:04.977542+00:00,0.0,-0.15015495025109807,0.34684164542816337,0.4564716593947713,0.1966866951770653
BTC-USD,2025-12-09 02:13:04.977542+00:00,-1.0,-0.7079395994625137,0.7824405602306183,0.14305847900127713,0.07450096076810457
BTC-USD,2025-12-09 02:13:04.977542+00:00,0.0,-0.18302323597909678,0.32666650226523003,0.5296902314486368,0.14364326628613325
BTC-USD,2025-12-09 02:13:04.977542+00:00,0.0,-0.19122292919778566,0.354407560755415,0.4824078076869556,0.16318463155762936
BTC-USD,2025-12-09 02:13:04.977542+00:00,0.0,-0.202793062568718,0.35203497307638926,0.49872311641593964,0.14924191050767124
BTC-USD,2025-12-09 02:13:05.253459+00:00,-1.0,-0.4015901168085329,0.5796747906276575,0.24224053555321792,0.17808467381912457
BTC-USD,2025-12-09 02:13:05.253459+00:00,0.0,-0.14927475372140941,0.31693948391283533,0.5153957858957389,0.16766473019142591
BTC-USD,2025-12-09 02:13:05.281593+00:00,0.0,-0.15838870114424825,0.30927058650590494,0.5398475281324383,0.1508818853616567
BTC-USD,2025-12-09 02:13:05.281593+00:00,0.0,-0.15838870114424825,0.30927058650590494,0.5398475281324383,0.1508818853616567
BTC-USD,2025-12-09 02:13:05.299655+00:00,0.0,-0.19351829595667305,0.33648445572995056,0.5205493844967718,0.1429661597732775
BTC-USD,2025-12-09 02:13:05.299655+00:00,0.0,-0.09150350217998474,0.19936362421150655,0.6927762537569716,0.10786012203152182
BTC-USD,2025-12-09 02:13:05.444630+00:00,-1.0,-0.4325643189334097,0.5699343566132582,0.29269560570689335,0.1373700376798485
BTC-USD,2025-12-09 02:13:05.444630+00:00,0.0,-0.1863882842171425,0.3093199238315526,0.5677484365540373,0.12293163961441009
BTC-USD,2025-12-09 02:13:05.444630+00:00,0.0,-0.18227644715763722,0.3158896984284675,0.5504970503007024,0.13361325127083026
BTC-USD,2025-12-09 02:13:05.444630+00:00,0.0,-0.18227644715763722,0.3158896984284675,0.5504970503007024,0.13361325127083026
BTC-USD,2025-12-09 02:13:05.444630+00:00,-1.0,-0.4152564062708969,0.6066779298820203,0.20190054650685635,0.1914215236111234
BTC-USD,2025-12-09 02:13:05.444630+00:00,0.0,-0.15711621304904136,0.3184524848110385,0.5202112434269645,0.16133627176199714
BTC-USD,2025-12-09 02:13:09.547248+00:00,-1.0,-0.29875544892062167,0.5242057610394651,0.2503439268416914,0.22545031211884345
BTC-USD,2025-12-09 02:13:09.547248+00:00,0.0,-0.23614080042650393,0.3638173212017747,0.5085061580229545,0.12767652077527075
BTC-USD,2025-12-09 02:13:09.578288+00:00,0.0,-0.1336876017352705,0.30348392414604125,0.5267197534431881,0.16979632241077075
BTC-USD,2025-12-09 02:13:09.578288+00:00,0.0,0.09555029834744655,0.24576311281416868,0.41292347602421603,0.34131341116161523
BTC-USD,2025-12-09 02:13:09.578288+00:00,1.0,0.5510723927423549,0.12399348576948854,0.20094063571866813,0.6750658785118434
BTC-USD,2025-12-09 02:13:09.578288+00:00,0.0,0.14443501671321746,0.17843450494941449,0.4986959733879536,0.32286952166263194
BTC-USD,2025-12-09 02:13:10.765020+00:00,1.0,0.36994764219028237,0.21886580859242838,0.1923207406248608,0.5888134507827107
BTC-USD,2025-12-09 02:13:10.765020+00:00,0.0,0.12866986944116696,0.22283986705407696,0.4256503964506791,0.3515097364952439
BTC-USD,2025-12-09 02:13:10.765020+00:00,1.0,0.5841623011075722,0.11570861365626801,0.18442047157989175,0.6998709147638402
BTC-USD,2025-12-09 02:13:10.765020+00:00,0.0,0.06497485660527813,0.2752714864680151,0.3844821704586916,0.3402463430732932
BTC-USD,2025-12-09 02:13:12.374474+00:00,-1.0,-0.13338715843758847,0.4531829756093328,0.2270212072189227,0.3197958171717443
BTC-USD,2025-12-09 02:13:12.374474+00:00,0.0,-0.030025001260947565,0.2716489538403624,0.4867270935802227,0.24162395257941485
BTC-USD,2025-12-09 02:13:14.631282+00:00,0.0,-0.06117329269690486,0.32042558608958266,0.42032212051773943,0.2592522933926778
BTC-USD,2025-12-09 02:13:14.631282+00:00,0.0,-0.05944493301773224,0.31137244151035504,0.4367000499970221,0.2519275084926228
BTC-USD,2025-12-09 02:13:15.075738+00:00,1.0,0.5983749415879297,0.12472397714614167,0.15217710411978685,0.7230989187340714
BTC-USD,2025-12-09 02:13:15.075738+00:00,1.0,0.29389715906376945,0.16292679589089973,0.38024924915443103,0.45682395495466915
BTC-USD,2025-12-09 02:13:15.077313+00:00,1.0,0.5148695880892359,0.1650160142925107,0.1550983833257427,0.6798856023817466
BTC-USD,2025-12-09 02:13:15.077313+00:00,1.0,0.37776124031855407,0.13406710424063747,0.35410455120017087,0.5118283445591916
BTC-USD,2025-12-09 02:13:15.077313+00:00,1.0,0.6217709414545841,0.0939181537025806,0.19039275114025458,0.7156890951571647
BTC-USD,2025-12-09 02:13:15.077313+00:00,1.0,0.10914502017793282,0.2695484651798926,0.35175804946228195,0.37869348535782543
BTC-USD,2025-12-09 02:13:15.077313+00:00,1.0,0.06045719629647295,0.2968721686480109,0.3457984664075052,0.35732936494448386
BTC-USD,2025-12-09 02:13:15.077313+00:00,0.0,0.1768175100002697,0.19653505951023922,0.43011237097925187,0.37335256951050894
BTC-USD,2025-12-09 02:13:15.077457+00:00,0.0,0.1671229842275503,0.20772545477478144,0.41742610622288684,0.3748484390023317
BTC-USD,2025-12-09 02:13:15.077457+00:00,0.0,0.08194282735885583,0.1892765849669003,0.5395040027073436,0.27121941232575614
BTC-USD,2025-12-09 02:13:15.077457+00:00,0.0,0.14488846353929646,0.12784731449744735,0.5994169074658089,0.2727357780367438
BTC-USD,2025-12-09 02:13:15.077457+00:00,0.0,0.14488846353929646,0.12784731449744735,0.5994169074658089,0.2727357780367438
BTC-USD,2025-12-09 02:13:17.142265+00:00,1.0,0.6994369102284769,0.06315738231636833,0.1742483251387865,0.7625942925448452
BTC-USD,2025-12-09 02:13:17.142265+00:00,0.0,0.3514607736067099,0.09712998962328392,0.4542792471467223,0.4485907632299938
BTC-USD,2025-12-09 02:13:17.142265+00:00,-1.0,-0.03479535337973649,0.39193253212507384,0.25093028912958876,0.35713717874533735
BTC-USD,2025-12-09 02:13:17.142265+00:00,0.0,-0.13639353354019532,0.3351831249946617,0.46602728355087203,0.19878959145446637
BTC-USD,2025-12-09 02:13:18.920124+00:00,1.0,0.32486622614372074,0.24055687758320085,0.1940200186898775,0.5654231037269216
BTC-USD,2025-12-09 02:13:18.920124+00:00,0.0,0.12898545377152007,0.13814097783260773,0.5947325905632646,0.2671264316041278
BTC-USD,2025-12-09 02:13:20.822081+00:00,-1.0,-0.1364905759768446,0.43266461278403257,0.2711613504087794,0.29617403680718796
BTC-USD,2025-12-09 02:13:20.822081+00:00,0.0,0.2320605278373088,0.16824613786889925,0.43144719642489276,0.40030666570620804
BTC-USD,2025-12-09 02:13:24.507689+00:00,1.0,0.6587641056158623,0.07391629106061805,0.1934033122629016,0.7326803966764803
BTC-USD,2025-12-09 02:13:24.507689+00:00,0.0,0.16325671031094935,0.12779947267495767,0.5811443443391353,0.291056182985907
BTC-USD,2025-12-09 02:13:24.705322+00:00,1.0,0.4850279032453607,0.15478311797117983,0.20540586081227968,0.6398110212165405
BTC-USD,2025-12-09 02:13:24.705322+00:00,0.0,0.25570625062341473,0.11962365023021228,0.5050464489161607,0.375329900853627
BTC-USD,2025-12-09 02:13:24.705322+00:00,0.0,0.22831679102692307,0.15032939826613226,0.47102441244081233,0.3786461892930553
BTC-USD,2025-12-09 02:13:24.705322+00:00,0.0,0.22831679102692307,0.15032939826613226,0.47102441244081233,0.3786461892930553
BTC-USD,2025-12-09 02:13:24.705322+00:00,0.0,0.22228524746002024,0.15015857293197474,0.4773976066760303,0.372443820391995
BTC-USD,2025-12-09 02:13:24.705322+00:00,0.0,0.0594082921219245,0.15255080887889996,0.6354900901202756,0.21195910100082446
BTC-USD,2025-12-09 02:13:24.937978+00:00,0.0,0.048016175933948524,0.15285188380718567,0.6462800564516802,0.2008680597411342
BTC-USD,2025-12-09 02:13:24.937978+00:00,0.0,0.08530792105623478,0.16971777440054367,0.575256530142678,0.25502569545677845
BTC-USD,2025-12-09 02:13:25.137809+00:00,0.0,-0.008356785612542744,0.23048892283114542,0.547378939950252,0.22213213721860267
BTC-USD,2025-12-09 02:13:25.137809+00:00,0.0,-0.005629690132002679,0.23215087641389703,0.5413279373042086,0.22652118628189435
BTC-USD,2025-12-09 02:13:25.137809+00:00,0.0,-0.00854283474115497,0.2016260433528519,0.6052907480354511,0.19308320861169692
BTC-USD,2025-12-09 02:13:25.137809+00:00,0.0,-0.00854283474115497,0.2016260433528519,0.6052907480354511,0.19308320861169692
BTC-USD,2025-12-09 02:13:25.137809+00:00,0.0,0.03503706745997226,0.15465290604212323,0.6556571204557813,0.1896899735020955
BTC-USD,2025-12-09 02:13:25.137809+00:00,0.0,0.03503706745997226,0.15465290604212323,0.6556571204557813,0.1896899735020955
BTC-USD,2025-12-09 02:13:25.137809+00:00,1.0,0.41907419176038274,0.19573074516529054,0.18946431790903617,0.6148049369256733
BTC-USD,2025-12-09 02:13:25.137809+00:00,0.0,0.23572768789359852,0.1471008017644269,0.4700707085775477,0.3828284896580254
BTC-USD,2025-12-09 02:13:25.137809+00:00,1.0,0.679848136289428,0.08589071141200671,0.1483704408865585,0.7657388477014347
BTC-USD,2025-12-09 02:13:25.137809+00:00,0.0,0.24014329644267324,0.1536151493899332,0.4526264047774603,0.39375844583260644
BTC-USD,2025-12-09 02:13:25.137809+00:00,1.0,0.6731476536188521,0.06874221514774927,0.1893679160856494,0.7418898687666013
BTC-USD,2025-12-09 02:13:25.137809+00:00,0.0,0.24364897997551038,0.13220310542417252,0.49194480917614447,0.3758520853996829
BTC-USD,2025-12-09 02:13:25.137809+00:00,1.0,0.6515939377001599,0.08199293759482071,0.1844201871101987,0.7335868752949807
BTC-USD,2025-12-09 02:13:25.137809+00:00,0.0,0.2419192332587784,0.1264962660261958,0.50508823468883,0.3684154992849742
BTC-USD,2025-12-09 02:13:25.137809+00:00,1.0,0.6339328490251757,0.08180866964066229,0.20244981169349976,0.7157415186658379
BTC-USD,2025-12-09 02:13:25.137809+00:00,0.0,0.25762935284899013,0.13015843890254067,0.48205376934592853,0.3877877917515308
BTC-USD,2025-12-09 02:13:25.565574+00:00,1.0,0.0789217078959285,0.34048314753452336,0.24011199703502475,0.41940485543045186
BTC-USD,2025-12-09 02:13:25.565574+00:00,0.0,-0.03893250899434497,0.274679406654409,0.48957369568552705,0.23574689766006401
BTC-USD,2025-12-09 02:13:25.565574+00:00,1.0,0.29469311016150873,0.15014952180169727,0.40500784623509667,0.444842631963206
BTC-USD,2025-12-09 02:13:25.565574+00:00,0.0,-0.02587677789147222,0.2646406876658623,0.4965954025597476,0.23876390977439008
BTC-USD,2025-12-09 02:13:25.565574+00:00,0.0,-0.019417881077836485,0.2675619450679926,0.4842939909418512,0.2481440639901561
BTC-USD,2025-12-09 02:13:25.565574+00:00,0.0,0.2651352462173174,0.11982541571236603,0.4952139223579505,0.3849606619296834
BTC-USD,2025-12-09 02:13:25.565574+00:00,0.0,0.20067399830111116,0.1241523234910269,0.5510213547168351,0.32482632179213805
BTC-USD,2025-12-09 02:13:25.565574+00:00,0.0,0.1286788389768225,0.1353347025093742,0.6006517560044291,0.2640135414861967
BTC-USD,2025-12-09 02:13:25.978827+00:00,0.0,0.04804409642705046,0.20538625189427653,0.5411833997843963,0.253430348321327
BTC-USD,2025-12-09 02:13:25.978827+00:00,0.0,0.04804409642705046,0.20538625189427653,0.5411833997843963,0.253430348321327
BTC-USD,2025-12-09 02:13:25.978827+00:00,1.0,0.5984223528840481,0.07994428480737872,0.24168907750119448,0.6783666376914268
BTC-USD,2025-12-09 02:13:25.978827+00:00,0.0,0.27116938323962436,0.10939467789825782,0.5100412609638598,0.3805640611378822
BTC-USD,2025-12-09 02:13:25.978827+00:00,1.0,0.6292494111284083,0.08106551765919101,0.20861955355320966,0.7103149287875993
BTC-USD,2025-12-09 02:13:25.978827+00:00,0.0,0.28954819157220746,0.11784915633536039,0.4747534957570718,0.4073973479075679
BTC-USD,2025-12-09 02:13:26.126280+00:00,1.0,0.17328770822454004,0.28585342277956727,0.25500544621632537,0.4591411310041073
BTC-USD,2025-12-09 02:13:26.126280+00:00,0.0,0.0412545948024558,0.23965595469066192,0.4794334958162205,0.2809105494931177
BTC-USD,2025-12-09 02:13:26.639333+00:00,-1.0,-0.42171390204015813,0.5904825171369494,0.24074886776625923,0.16876861509679134
BTC-USD,2025-12-09 02:13:26.639333+00:00,0.0,-0.17948187340273286,0.37479730502397046,0.429887263354792,0.1953154316212376
BTC-USD,2025-12-09 02:13:27.097614+00:00,-1.0,-0.5549669461900029,0.6776805750177939,0.1996057961544151,0.12271362882779098
BTC-USD,2025-12-09 02:13:27.097614+00:00,0.0,-0.20914339818512295,0.3712964014087229,0.46655059536767707,0.16215300322359993
BTC-USD,2025-12-09 02:13:27.097614+00:00,0.0,-0.1786880015455424,0.36335531619186945,0.4519773691618034,0.18466731464632705
BTC-USD,2025-12-09 02:13:27.097614+00:00,0.0,-0.16576288287503987,0.35110718376738614,0.4635485153402676,0.18534430089234627
BTC-USD,2025-12-09 02:13:27.231736+00:00,-1.0,-0.4613200470956147,0.6071399205025803,0.2470402060904542,0.1458198734069656
BTC-USD,2025-12-09 02:13:27.231736+00:00,0.0,-0.1751019207531586,0.3294058008165712,0.5162903191200161,0.1543038800634126
BTC-USD,2025-12-09 02:13:27.231736+00:00,-1.0,-0.47672921804197727,0.6067929721847575,0.2631432736724624,0.1300637541427802
BTC-USD,2025-12-09 02:13:27.231736+00:00,0.0,-0.16773893445499682,0.33393940927990506,0.49986011589518664,0.16620047482490824
BTC-USD,2025-12-09 02:13:27.377052+00:00,-1.0,-0.2343104046534074,0.5098883092564582,0.21453378614049107,0.2755779046030508
BTC-USD,2025-12-09 02:13:27.377052+00:00,0.0,-0.03850877886109605,0.22563183687774566,0.5872451051056048,0.1871230580166496
BTC-USD,2025-12-09 02:13:28.220067+00:00,-1.0,-0.318103322090625,0.5474263275491048,0.22325066699241533,0.22932300545847986
BTC-USD,2025-12-09 02:13:28.220067+00:00,0.0,0.09666992330172772,0.20780432028167042,0.4877214361349314,0.30447424358339814
BTC-USD,2025-12-09 02:13:28.220067+00:00,-1.0,-0.055553322124824556,0.41257483170750825,0.23040365870980814,0.3570215095826837
BTC-USD,2025-12-09 02:13:28.220067+00:00,0.0,-0.13426986812854122,0.3082476001074284,0.5177746679136844,0.1739777319788872
BTC-USD,2025-12-09 02:13:28.220067+00:00,0.0,-0.18195538196672487,0.3534367877413345,0.4750818064840558,0.17148140577460966
BTC-USD,2025-12-09 02:13:28.220067+00:00,0.0,-0.14468168367322407,0.31081920952758596,0.5230432646180521,0.1661375258543619
BTC-USD,2025-12-09 02:13:28.220067+00:00,-1.0,-0.19394682356239784,0.45912072486208383,0.27570537383823024,0.265173901299686
BTC-USD,2025-12-09 02:13:28.220067+00:00,0.0,-0.08957339644770107,0.29588796361192915,0.4977974692238428,0.20631456716422808
BTC-USD,2025-12-09 02:13:28.266352+00:00,1.0,0.23302110149592042,0.28467008737329075,0.19763872375749808,0.5176911888692112
BTC-USD,2025-12-09 02:13:28.266352+00:00,0.0,0.16114689129348736,0.20957238009169854,0.41970834852311556,0.3707192713851859
BTC-USD,2025-12-09 02:13:28.266352+00:00,1.0,0.4988466625572601,0.16495334041328297,0.17124665661617397,0.6638000029705431
BTC-USD,2025-12-09 02:13:28.266352+00:00,0.0,0.1617003948523912,0.2091955935679989,0.41990841801161105,0.3708959884203901
BTC-USD,2025-12-09 02:13:28.721777+00:00,1.0,0.19806035306415226,0.267088705664383,0.2677622356070818,0.46514905872853524
BTC-USD,2025-12-09 02:13:28.721777+00:00,0.0,-0.119312715125345,0.3147339427894878,0.4898448295463694,0.1954212276641428
BTC-USD,2025-12-09 02:13:28.721777+00:00,0.0,-0.12964408951084797,0.3251050900816524,0.47943390934754315,0.19546100057080443
BTC-USD,2025-12-09 02:13:28.721777+00:00,0.0,-0.127269598956945,0.31589764106852153,0.49547431681990195,0.18862804211157652
BTC-USD,2025-12-09 02:13:28.765051+00:00,1.0,0.14541185883512825,0.28780256093331175,0.27898301929824815,0.43321441976844
BTC-USD,2025-12-09 02:13:28.765051+00:00,0.0,0.1565508411404856,0.1837190130114049,0.47601113283670465,0.3402698541518905
BTC-USD,2025-12-09 02:13:29.048448+00:00,-1.0,-0.05062819601878721,0.4343429780972535,0.18194223982428032,0.38371478207846627
BTC-USD,2025-12-09 02:13:29.048448+00:00,0.0,0.1252089508548819,0.23830730412617704,0.39817644089276405,0.36351625498105894
BTC-USD,2025-12-09 02:13:29.412289+00:00,1.0,0.3369143399639882,0.24230030407666897,0.17848505188267386,0.5792146440406571
BTC-USD,2025-12-09 02:13:29.412289+00:00,0.0,-0.11291191334874492,0.2999733303267057,0.5129652526953336,0.18706141697796078
BTC-USD,2025-12-09 02:13:29.412289+00:00,1.0,0.18217335535544327,0.261871154002943,0.2940843366386707,0.44404450935838624
BTC-USD,2025-12-09 02:13:29.412289+00:00,0.0,0.15749427188176895,0.19180823480227704,0.45888925851367685,0.349302506684046
BTC-USD,2025-12-09 02:13:29.616722+00:00,1.0,0.5650321506845503,0.10825111153771805,0.2184656262400136,0.6732832622222683
BTC-USD,2025-12-09 02:13:29.616722+00:00,0.0,0.15116820863490923,0.15689551768986873,0.5350407559853532,0.30806372632477796
BTC-USD,2025-12-09 02:13:29.804431+00:00,0.0,0.169297336489056,0.14247493172652922,0.5457528000578855,0.31177226821558524
BTC-USD,2025-12-09 02:13:29.804431+00:00,0.0,0.18745242406805673,0.14585738590609715,0.520832804119749,0.3333098099741539
BTC-USD,2025-12-09 02:13:29.804431+00:00,1.0,0.41361612425079963,0.17788986767942738,0.23060414039034566,0.591505991930227
BTC-USD,2025-12-09 02:13:29.804431+00:00,0.0,0.19465074037716057,0.14595956013784483,0.5134301393471498,0.3406103005150054
BTC-USD,2025-12-09 02:13:29.804431+00:00,1.0,0.4711569967994502,0.13690291846257438,0.255037166275401,0.6080599152620246
BTC-USD,2025-12-09 02:13:29.804431+00:00,0.0,0.23107278677349027,0.15904266099875944,0.45084189122899077,0.3901154477722497
BTC-USD,2025-12-09 02:13:29.804431+00:00,0.0,0.2209391421244675,0.1587028132141113,0.46165523144730986,0.3796419553385788
BTC-USD,2025-12-09 02:13:29.804431+00:00,0.0,0.18125532597719549,0.12782473513740647,0.5630952037479916,0.30908006111460196
BTC-USD,2025-12-09 02:13:29.823534+00:00,0.0,0.17927288519634574,0.14380525373782552,0.5331166073280031,0.32307813893417126
BTC-USD,2025-12-09 02:13:29.823534+00:00,0.0,0.11482105714374244,0.1550983026937975,0.5749823374686625,0.26991935983753995
BTC-USD,2025-12-09 02:13:29.841269+00:00,0.0,0.06483626206546866,0.15158033908554333,0.6320030597634447,0.216416601151012
BTC-USD,2025-12-09 02:13:29.841269+00:00,0.0,0.062140849108579116,0.15372793813750732,0.6304032746164063,0.21586878724608644
BTC-USD,2025-12-09 02:13:29.947066+00:00,1.0,0.537829427256474,0.07994629002600326,0.30227799269151956,0.6177757172824773
BTC-USD,2025-12-09 02:13:29.947066+00:00,0.0,0.2579252201002412,0.11755994198018568,0.5069548959393875,0.37548516208042687
BTC-USD,2025-12-09 02:13:29.947066+00:00,1.0,0.6332194497429942,0.07234048177131723,0.2220995867143713,0.7055599315143114
BTC-USD,2025-12-09 02:13:29.947066+00:00,0.0,0.29918410771555837,0.11788010588317314,0.4650556805180953,0.4170642135987315
BTC-USD,2025-12-09 02:13:29.947066+00:00,1.0,0.447624585128448,0.10936134344370123,0.33365272798414963,0.5569859285721492
BTC-USD,2025-12-09 02:13:29.947066+00:00,1.0,0.3503628084587779,0.11395948427480761,0.42171822299160683,0.4643222927335855
BTC-USD,2025-12-09 02:13:29.947066+00:00,1.0,0.6303945170810121,0.06685936692640923,0.23588674906616933,0.6972538840074214
BTC-USD,2025-12-09 02:13:29.947066+00:00,0.0,0.32933850751620974,0.10712109151504837,0.45641930945369347,0.43645959903125814
BTC-USD,2025-12-09 02:13:29.947066+00:00,1.0,0.6927683023418812,0.06672464638698299,0.17378240488415286,0.7594929487288642
BTC-USD,2025-12-09 02:13:29.947066+00:00,0.0,0.28693960212971703,0.1382950892730413,0.43647021932420044,0.4252346914027583
BTC-USD,2025-12-09 02:13:29.947066+00:00,1.0,0.6582652792440095,0.07487047255870728,0.191993775638576,0.7331357518027167
BTC-USD,2025-12-09 02:13:29.947066+00:00,1.0,0.3765859137050847,0.10591126447462035,0.4115915573456747,0.48249717817970506
BTC-USD,2025-12-09 02:13:29.947066+00:00,1.0,0.7210423557220621,0.04963715685219481,0.17968333057354832,0.7706795125742569
BTC-USD,2025-12-09 02:13:29.947066+00:00,0.0,0.3060587571214349,0.12585495603045455,0.4422313308176559,0.4319137131518894
BTC-USD,2025-12-09 02:13:29.947066+00:00,1.0,0.7785253142006474,0.04978235876882269,0.12190996826170733,0.82830767296947
BTC-USD,2025-12-09 02:13:29.947066+00:00,1.0,0.37128022015193923,0.11415533773897639,0.40040910437010807,0.48543555789091564
BTC-USD,2025-12-09 02:13:30.079309+00:00,1.0,0.1048185353323085,0.33111739866387063,0.2329466673399502,0.43593593399617914
BTC-USD,2025-12-09 02:13:30.079309+00:00,0.0,-0.011146504681334768,0.30188717732439846,0.40737215003253796,0.2907406726430637
BTC-USD,2025-12-09 02:13:30.220124+00:00,-1.0,-0.4166935164054517,0.6088094230667939,0.19907467027186407,0.19211590666134215
BTC-USD,2025-12-09 02:13:30.220124+00:00,0.0,-0.03406922005100527,0.28995551757530114,0.454158184900403,0.25588629752429587
BTC-USD,2025-12-09 02:13:30.443804+00:00,-1.0,-0.3994984347452143,0.598383383024524,0.20273166869616616,0.1988849482793097
BTC-USD,2025-12-09 02:13:30.443804+00:00,0.0,-0.11699721829269238,0.36399028405699374,0.3890166501787049,0.24699306576430136
BTC-USD,2025-12-09 02:13:31.254089+00:00,-1.0,-0.41745823287103834,0.6149584100494935,0.18754141277205139,0.19750017717845514
BTC-USD,2025-12-09 02:13:31.254089+00:00,0.0,-0.11857789841748645,0.336911640604914,0.4447546172076584,0.21833374218742757
BTC-USD,2025-12-09 02:13:31.254089+00:00,1.0,0.28864700476941574,0.17956157382537544,0.35222984757983333,0.46820857859479115
BTC-USD,2025-12-09 02:13:31.254089+00:00,0.0,0.24684497538817227,0.1585724946938831,0.4360100352240615,0.40541747008205536
BTC-USD,2025-12-09 02:13:31.340882+00:00,-1.0,-0.04880942842188157,0.40934820499376084,0.23011301843435986,0.36053877657187927
BTC-USD,2025-12-09 02:13:31.340882+00:00,1.0,0.25704922738590097,0.1679363452164829,0.4070780821811333,0.42498557260238384
BTC-USD,2025-12-09 02:13:31.374983+00:00,1.0,0.1783546550706083,0.2391479021345944,0.3433495406602029,0.4175025572052027
BTC-USD,2025-12-09 02:13:31.374983+00:00,0.0,-0.05541389703203822,0.28537054108589527,0.4846728148602477,0.22995664405385705
BTC-USD,2025-12-09 02:13:32.594428+00:00,-1.0,-0.2938936733088121,0.5384852127287094,0.21692324785139333,0.24459153941989728
BTC-USD,2025-12-09 02:13:32.594428+00:00,0.0,-0.14481009701920175,0.3445574267766238,0.45569524346595414,0.19974732975742207
BTC-USD,2025-12-09 02:13:32.921918+00:00,-1.0,-0.3784262676479082,0.5788228411203238,0.2207805854072607,0.20039657347241557
BTC-USD,2025-12-09 02:13:32.921918+00:00,0.0,-0.15185219932289185,0.3413909387998157,0.46907032172326035,0.18953873947692385
BTC-USD,2025-12-09 02:13:32.968672+00:00,0.0,-0.1712006082306599,0.32399558744228346,0.523209433346093,0.15279497921162355
BTC-USD,2025-12-09 02:13:32.968672+00:00,0.0,-0.17715516381456695,0.3454023168246775,0.4863505301652121,0.16824715301011053
BTC-USD,2025-12-09 02:13:32.968672+00:00,0.0,-0.1734499690044597,0.371866768865411,0.4297164312736376,0.1984167998609513
BTC-USD,2025-12-09 02:13:32.968672+00:00,0.0,-0.04068597976104968,0.23882022891573718,0.5630455219295754,0.1981342491546875
BTC-USD,2025-12-09 02:13:32.968672+00:00,0.0,-0.006016272413680912,0.22622498956937212,0.5535662932749367,0.2202087171556912
BTC-USD,2025-12-09 02:13:32.968672+00:00,0.0,-0.006016272413680912,0.22622498956937212,0.5535662932749367,0.2202087171556912
BTC-USD,2025-12-09 02:13:32.968672+00:00,0.0,-0.015410296054346073,0.23022920968084262,0.5549518766926609,0.21481891362649655
BTC-USD,2025-12-09 02:13:32.968672+00:00,0.0,-0.01551395695844257,0.23177789946206262,0.5519581580343174,0.21626394250362005
BTC-USD,2025-12-09 02:13:32.968672+00:00,1.0,0.36777657782142803,0.14098607767719898,0.35025126682417407,0.508762655498627
BTC-USD,2025-12-09 02:13:32.968672+00:00,0.0,0.1811497449826715,0.14609451106780175,0.526661232881725,0.32724425605047325
BTC-USD,2025-12-09 02:13:33.101588+00:00,-1.0,-0.16565133026686696,0.43792096364982924,0.28980940296720853,0.2722696333829623
BTC-USD,2025-12-09 02:13:33.101588+00:00,0.0,0.08010087305660277,0.15335356197019476,0.6131920030030077,0.23345443502679752
BTC-USD,2025-12-09 02:13:33.469468+00:00,1.0,0.5421510258968726,0.12214561791205233,0.21355773827902277,0.664296643808925
BTC-USD,2025-12-09 02:13:33.469468+00:00,0.0,0.22433967760504825,0.15132808773935763,0.47300414691623643,0.3756677653444059
BTC-USD,2025-12-09 02:13:34.054185+00:00,1.0,0.5731226865738026,0.11652995389156656,0.1938174056430642,0.6896526404653691
BTC-USD,2025-12-09 02:13:34.054185+00:00,0.0,0.23645070343268212,0.16312598130139203,0.43729733396453385,0.39957668473407415
BTC-USD,2025-12-09 02:13:34.054185+00:00,1.0,0.47269216627304145,0.14724048567154757,0.23282686238386335,0.619932651944589
BTC-USD,2025-12-09 02:13:34.054185+00:00,0.0,0.23591556331003327,0.16085458497769706,0.44237526673457256,0.39677014828773033
BTC-USD,2025-12-09 02:13:34.054185+00:00,1.0,0.647827876709587,0.07888303382316335,0.19440605564408642,0.7267109105327503
BTC-USD,2025-12-09 02:13:34.054185+00:00,0.0,0.2668626600681857,0.13425063682863683,0.4646360662745406,0.40111329689682257
BTC-USD,2025-12-09 02:13:34.054185+00:00,1.0,0.6568578724938094,0.07664891444445894,0.1898442986172726,0.7335067869382684
BTC-USD,2025-12-09 02:13:34.054185+00:00,0.0,0.27353093856167715,0.11850511430754394,0.48945883282323494,0.3920360528692211
BTC-USD,2025-12-09 02:13:34.054185+00:00,1.0,0.594048485017971,0.08902040514102108,0.2279107046999868,0.6830688901589921
BTC-USD,2025-12-09 02:13:34.054185+00:00,0.0,0.2509404617372366,0.13526857819519633,0.4785223818723709,0.38620903993243294
BTC-USD,2025-12-09 02:13:34.538032+00:00,1.0,0.46622419852759633,0.13634958426994126,0.2610766329325211,0.6025737827975376
BTC-USD,2025-12-09 02:13:34.538032+00:00,0.0,0.2658676590353207,0.14591740133574307,0.44229753829319324,0.41178506037106377
BTC-USD,2025-12-09 02:13:34.545491+00:00,-1.0,-0.03738502959774803,0.4014749357709551,0.23443515805583773,0.3640899061732071
BTC-USD,2025-12-09 02:13:34.545491+00:00,0.0,-0.05908014699838346,0.30283898916619034,0.45340216866600286,0.24375884216780688
BTC-USD,2025-12-09 02:13:34.545491+00:00,-1.0,-0.3640075896971372,0.5774471810014182,0.2091132276943008,0.213439591304281
BTC-USD,2025-12-09 02:13:34.545491+00:00,0.0,-0.1693352607619432,0.37347012971756405,0.4223950013268151,0.20413486895562086
BTC-USD,2025-12-09 02:13:35.142792+00:00,1.0,0.36552796656923914,0.19164665781921705,0.25117871779232676,0.5571746243884562
BTC-USD,2025-12-09 02:13:35.142792+00:00,0.0,0.16543823719327208,0.19770320237282699,0.4391553580610739,0.36314143956609907
BTC-USD,2025-12-09 02:13:35.142792+00:00,0.0,0.16607088605275033,0.17552196683335625,0.4828851802805372,0.3415928528861066
BTC-USD,2025-12-09 02:13:35.142792+00:00,0.0,0.15007830773981323,0.17718258593755715,0.49555652038507236,0.3272608936773704
BTC-USD,2025-12-09 02:13:35.142792+00:00,1.0,0.5379158084574904,0.14208438499175624,0.17791542155899703,0.6800001934492467
BTC-USD,2025-12-09 02:13:35.142792+00:00,0.0,0.16985129039932576,0.2048806450651778,0.42038741947031866,0.37473193546450356
BTC-USD,2025-12-09 02:13:35.142792+00:00,1.0,0.647413050635586,0.09746852494283496,0.15764989947874405,0.7448815755784209
BTC-USD,2025-12-09 02:13:35.142792+00:00,0.0,0.1993619837250639,0.18003468188607794,0.4405686525027801,0.3793966656111418
BTC-USD,2025-12-09 02:13:35.244987+00:00,-1.0,-0.007203207266454625,0.3657730830733946,0.2756570411196655,0.35856987580694
BTC-USD,2025-12-09 02:13:35.244987+00:00,0.0,0.17694037711093727,0.1841114888639441,0.45483664516117445,0.36105186597488137
BTC-USD,2025-12-09 02:13:35.609180+00:00,1.0,0.5466343008490471,0.11962067459947329,0.21412434995200638,0.6662549754485204
BTC-USD,2025-12-09 02:13:35.609180+00:00,0.0,0.24444369369479887,0.15321383290233562,0.4491286405005299,0.3976575265971345
BTC-USD,2025-12-09 02:13:35.609180+00:00,1.0,0.6379387142457817,0.09195797703775693,0.17814533167870447,0.7298966912835386
BTC-USD,2025-12-09 02:13:35.609180+00:00,0.0,0.2733287389871912,0.13204803251081731,0.46257519599117436,0.4053767714980085
BTC-USD,2025-12-09 02:13:35.609180+00:00,1.0,0.6496151271958059,0.0892650454518176,0.17185478190055894,0.7388801726476235
BTC-USD,2025-12-09 02:13:35.609180+00:00,0.0,0.15858806483807622,0.20490655391437632,0.4315988273331712,0.36349461875245254
BTC-USD,2025-12-09 02:13:37.371316+00:00,1.0,0.10853924794588643,0.32863858991982975,0.23418357221445404,0.4371778378657162
BTC-USD,2025-12-09 02:13:37.371316+00:00,0.0,-0.0102107431988121,0.27264751810726606,0.46491570698428003,0.26243677490845396
BTC-USD,2025-12-09 02:13:39.329889+00:00,0.0,0.009652959409816059,0.24360058875144255,0.5031458630872988,0.2532535481612586
BTC-USD,2025-12-09 02:13:39.329889+00:00,0.0,0.001503264299497653,0.2456052098041144,0.5072863160922736,0.24710847410361206
BTC-USD,2025-12-09 02:13:39.329889+00:00,0.0,-0.02411669698951488,0.2652524894693041,0.49361171805090687,0.2411357924797892
BTC-USD,2025-12-09 02:13:39.329889+00:00,0.0,0.13771368174933812,0.11900993768635032,0.6242664428779612,0.25672361943568844
BTC-USD,2025-12-09 02:13:40.154357+00:00,0.0,0.06546026695675822,0.1789700499346236,0.5765996331739945,0.2444303168913818
BTC-USD,2025-12-09 02:13:40.154357+00:00,0.0,0.06546026695675822,0.1789700499346236,0.5765996331739945,0.2444303168913818
BTC-USD,2025-12-09 02:13:43.074756+00:00,0.0,0.04817515485428686,0.18007955779078239,0.5916657295641484,0.22825471264506925
BTC-USD,2025-12-09 02:13:43.074756+00:00,0.0,0.04817515485428686,0.18007955779078239,0.5916657295641484,0.22825471264506925
BTC-USD,2025-12-09 02:13:43.074756+00:00,0.0,0.11173618835253452,0.1368994905893617,0.6144648304687421,0.24863567894189623
BTC-USD,2025-12-09 02:13:43.074756+00:00,0.0,0.10456091134904252,0.13800534647782098,0.6194283956953155,0.2425662578268635
BTC-USD,2025-12-09 02:13:43.074756+00:00,0.0,0.13293835363313447,0.14306396429007193,0.5809337177867216,0.2760023179232064
BTC-USD,2025-12-09 02:13:43.074756+00:00,0.0,0.13685979412883542,0.1485691734610068,0.566001858949151,0.2854289675898422
BTC-USD,2025-12-09 02:13:44.216741+00:00,0.0,0.12021932650484513,0.1287951677933443,0.6221903379084663,0.24901449429818942
BTC-USD,2025-12-09 02:13:44.216741+00:00,0.0,0.11874931537154948,0.12722029346926245,0.6268100976899257,0.24596960884081193
BTC-USD,2025-12-09 02:13:44.228169+00:00,0.0,0.09983199085123146,0.1385359812026327,0.623096046743503,0.23836797205386415
BTC-USD,2025-12-09 02:13:44.228169+00:00,0.0,0.09420495444348703,0.13940198288463757,0.6269910797872377,0.2336069373281246
BTC-USD,2025-12-09 02:13:45.331890+00:00,0.0,-0.005224401021745012,0.1902259417541428,0.6247725175134593,0.1850015407323978
BTC-USD,2025-12-09 02:13:45.331890+00:00,0.0,0.0028072315734740116,0.19066786970252478,0.6158570290214764,0.1934751012759988
BTC-USD,2025-12-09 02:13:46.159448+00:00,0.0,-0.013068456612189153,0.08173838971263486,0.8495916771869194,0.06866993310044571
BTC-USD,2025-12-09 02:13:46.159448+00:00,0.0,-0.013068456612189153,0.08173838971263486,0.8495916771869194,0.06866993310044571
BTC-USD,2025-12-09 02:13:47.597796+00:00,0.0,0.041865466119714506,0.0765244737376863,0.805085586404913,0.1183899398574008
BTC-USD,2025-12-09 02:13:47.597796+00:00,0.0,0.042709383295364,0.07645707159794374,0.8043764735087486,0.11916645489330774
BTC-USD,2025-12-09 02:13:48.752382+00:00,0.0,-0.01937212208825162,0.0831683504137776,0.8530354212606964,0.06379622832552598
BTC-USD,2025-12-09 02:13:48.752382+00:00,0.0,-0.01937212208825162,0.0831683504137776,0.8530354212606964,0.06379622832552598
BTC-USD,2025-12-09 02:13:50.235901+00:00,0.0,0.015724218077086335,0.07732106587165763,0.8296336501795984,0.09304528394874396
BTC-USD,2025-12-09 02:13:50.235901+00:00,0.0,0.015724218077086335,0.07732106587165763,0.8296336501795984,0.09304528394874396
BTC-USD,2025-12-09 02:13:51.102250+00:00,0.0,-0.01937212208825162,0.0831683504137776,0.8530354212606964,0.06379622832552598
BTC-USD,2025-12-09 02:13:51.102250+00:00,0.0,-0.01937212208825162,0.0831683504137776,0.8530354212606964,0.06379622832552598
BTC-USD,2025-12-09 02:13:51.102250+00:00,0.0,-0.0243778560631216,0.08658687735340634,0.8512041013563089,0.06220902129028474
BTC-USD,2025-12-09 02:13:51.102250+00:00,0.0,-0.0243778560631216,0.08658687735340634,0.8512041013563089,0.06220902129028474
BTC-USD,2025-12-09 02:13:51.102250+00:00,1.0,0.6292718460525909,0.0691371998676772,0.23245375421205475,0.6984090459202681
BTC-USD,2025-12-09 02:13:51.102250+00:00,0.0,0.2889268449667474,0.11567592086853228,0.4797213132961881,0.4046027658352797
BTC-USD,2025-12-09 02:13:51.963595+00:00,1.0,0.2347878234716812,0.27136447229426525,0.22248323193978828,0.5061522957659464
BTC-USD,2025-12-09 02:13:51.963595+00:00,0.0,0.2590225249866903,0.12780370491715445,0.48537006517900094,0.38682622990384474
BTC-USD,2025-12-09 02:13:54.389098+00:00,0.0,0.29930038265128484,0.12322410262465773,0.4542514120993998,0.42252448527594255
BTC-USD,2025-12-09 02:13:54.389098+00:00,0.0,0.2868984078928726,0.13089251899332974,0.45131655412046784,0.41779092688620234
BTC-USD,2025-12-09 02:13:54.978394+00:00,0.0,0.2730498654375414,0.12861674983839497,0.46971663488566856,0.4016666152759364
BTC-USD,2025-12-09 02:13:54.978394+00:00,0.0,0.12451786299959347,0.1301964743041105,0.6150891883921855,0.25471433730370396
BTC-USD,2025-12-09 02:13:55.673728+00:00,1.0,0.3294246335777973,0.13695016568599255,0.3966750350502176,0.46637479926378983
BTC-USD,2025-12-09 02:13:55.673728+00:00,0.0,0.21961618702945437,0.11418384912542531,0.552016114719695,0.3338000361548797
BTC-USD,2025-12-09 02:13:56.113720+00:00,0.0,0.24190960918264734,0.09799197367183518,0.5621064434736822,0.3399015828544825
BTC-USD,2025-12-09 02:13:56.113720+00:00,0.0,0.24190960918264734,0.09799197367183518,0.5621064434736822,0.3399015828544825
BTC-USD,2025-12-09 02:13:56.113720+00:00,0.0,0.24263483337539588,0.11966063330064103,0.518043900023322,0.3622954666760369
BTC-USD,2025-12-09 02:13:56.113720+00:00,0.0,0.14392755540973548,0.13525598401553304,0.5855604765591984,0.2791835394252685
BTC-USD,2025-12-09 02:13:56.113720+00:00,0.0,0.1352524240359968,0.1295468603336784,0.6056538552966464,0.2647992843696752
BTC-USD,2025-12-09 02:13:56.113720+00:00,0.0,0.12802484476526726,0.12428614999372851,0.6234028552472757,0.25231099475899577
BTC-USD,2025-12-09 02:13:56.113720+00:00,1.0,0.5855820373870368,0.08979855884399542,0.23482084492497227,0.6753805962310323
BTC-USD,2025-12-09 02:13:56.113720+00:00,0.0,0.2660247236998087,0.12767436498282636,0.4786265463345386,0.39369908868263503
BTC-USD,2025-12-09 02:13:56.597194+00:00,1.0,0.5436160469305842,0.1212922434129981,0.21379946624341942,0.6649082903435823
BTC-USD,2025-12-09 02:13:56.597194+00:00,0.0,0.31677975679807824,0.1052572716908525,0.4727056998202168,0.42203702848893077
BTC-USD,2025-12-09 02:13:57.137487+00:00,0.0,0.24298409026387963,0.14897590043703485,0.4590641088620506,0.3919599907009145
BTC-USD,2025-12-09 02:13:57.137487+00:00,0.0,0.24055832815936634,0.15752817722338158,0.44438531739387044,0.3980865053827479
BTC-USD,2025-12-09 02:13:57.569092+00:00,1.0,0.6510360532855864,0.07671921204491068,0.1955255226245922,0.7277552653304972
BTC-USD,2025-12-09 02:13:57.569092+00:00,0.0,0.25640475353065106,0.1065411202031479,0.5305130060630531,0.36294587373379894
BTC-USD,2025-12-09 02:13:57.569092+00:00,0.0,0.25640475353065106,0.1065411202031479,0.5305130060630531,0.36294587373379894
BTC-USD,2025-12-09 02:13:57.569092+00:00,0.0,0.25640475353065106,0.1065411202031479,0.5305130060630531,0.36294587373379894
BTC-USD,2025-12-09 02:13:57.903447+00:00,-1.0,-0.0008280929561464978,0.3482913212599086,0.30424545043632933,0.3474632283037621
BTC-USD,2025-12-09 02:13:57.903447+00:00,0.0,0.009290112822926438,0.24180742711554634,0.5070950329459808,0.2510975399384728
BTC-USD,2025-12-09 02:13:58.358963+00:00,0.0,0.19584717439406943,0.18769208044133998,0.42876866472325054,0.3835392548354094
BTC-USD,2025-12-09 02:13:58.358963+00:00,0.0,0.14461775069716837,0.1330737509453242,0.5892347474121833,0.27769150164249257
BTC-USD,2025-12-09 02:13:58.358963+00:00,0.0,0.1330586968629917,0.13177949682065443,0.6033823094956994,0.26483819368364614
BTC-USD,2025-12-09 02:13:58.358963+00:00,0.0,0.19206382520000204,0.12067026966066474,0.5665956354786684,0.3127340948606668
BTC-USD,2025-12-09 02:13:58.358963+00:00,0.0,0.2981952343791773,0.12109803407652162,0.4596086974677795,0.4192932684556989
BTC-USD,2025-12-09 02:13:58.358963+00:00,0.0,0.180924378292508,0.14614582492925768,0.5267839718489766,0.32707020322176567
BTC-USD,2025-12-09 02:13:58.358963+00:00,0.0,0.13100134549474693,0.13264039239946038,0.6037178697063325,0.2636417378942073
BTC-USD,2025-12-09 02:13:58.358963+00:00,0.0,0.13100134549474693,0.13264039239946038,0.6037178697063325,0.2636417378942073
BTC-USD,2025-12-09 02:13:58.358963+00:00,1.0,0.6044811421790557,0.07254803423605165,0.2504227893488411,0.6770291764151073
BTC-USD,2025-12-09 02:13:58.358963+00:00,0.0,0.27486941857129327,0.12097866551154217,0.4831732504056224,0.39584808408283545
BTC-USD,2025-12-09 02:13:58.358963+00:00,1.0,0.6251390817855577,0.10235150578849261,0.1701579066374571,0.7274905875740503
BTC-USD,2025-12-09 02:13:58.358963+00:00,1.0,0.3382934704409051,0.12614838572738432,0.4094097581043261,0.4644418561682894
BTC-USD,2025-12-09 02:13:58.358963+00:00,1.0,0.7260817015777381,0.06362298174824128,0.14667233492577944,0.7897046833259794
BTC-USD,2025-12-09 02:13:58.358963+00:00,1.0,0.325600703265279,0.12057216884259934,0.43325495904952227,0.44617287210787837
BTC-USD,2025-12-09 02:13:58.358963+00:00,1.0,0.6743159259532064,0.06447617325268928,0.19673172754141507,0.7387920992058957
BTC-USD,2025-12-09 02:13:58.358963+00:00,1.0,0.3811719054256755,0.10312968300809303,0.4125687285581385,0.4843015884337685
BTC-USD,2025-12-09 02:13:58.358963+00:00,1.0,0.5685975252211873,0.10653539289143875,0.21833168899593522,0.6751329181126261
BTC-USD,2025-12-09 02:13:58.358963+00:00,0.0,0.283818365479352,0.13385027980184863,0.44848107491695083,0.4176686452812007
BTC-USD,2025-12-09 02:13:58.358963+00:00,1.0,0.6887719695867225,0.06035031820848348,0.19052739399631058,0.749122287795206
BTC-USD,2025-12-09 02:13:58.358963+00:00,1.0,0.4151270129890895,0.09013684750589343,0.40459929199912364,0.505263860494983
BTC-USD,2025-12-09 02:13:58.358963+00:00,1.0,0.6804986943277436,0.07727270243027948,0.16495590081169748,0.7577713967580231
BTC-USD,2025-12-09 02:13:58.358963+00:00,1.0,0.4212912110221068,0.09273234898704981,0.39324409100379365,0.5140235600091566
BTC-USD,2025-12-09 02:13:58.358963+00:00,1.0,0.8694902630482837,0.012054905250786306,0.10639992645014368,0.88154516829907
BTC-USD,2025-12-09 02:13:58.358963+00:00,1.0,0.7892620686722862,0.02643110913997952,0.15787571304775483,0.8156931778122657
BTC-USD,2025-12-09 02:13:58.358963+00:00,1.0,0.8678534292474077,0.01787370098003289,0.0963991687925264,0.8857271302274407
BTC-USD,2025-12-09 02:13:58.358963+00:00,1.0,0.7850299939056807,0.03810528897168026,0.1387594281509588,0.823135282877361
BTC-USD,2025-12-09 02:13:58.358963+00:00,1.0,0.8406991019176073,0.020663766355920796,0.11797336537055109,0.8613628682735281
BTC-USD,2025-12-09 02:13:58.358963+00:00,1.0,0.8138943102512531,0.03246850098537541,0.12116868777799603,0.8463628112366286
BTC-USD,2025-12-09 02:13:58.358963+00:00,1.0,0.8301350608185563,0.028478567834890774,0.11290780351166212,0.858613628653447
BTC-USD,2025-12-09 02:13:58.358963+00:00,1.0,0.7578291438628778,0.031866542301843666,0.1784377715334349,0.7896956861647215
BTC-USD,2025-12-09 02:13:58.358963+00:00,1.0,0.8678378552820152,0.022052089764102525,0.08805796518977971,0.8898899450461177
BTC-USD,2025-12-09 02:13:58.358963+00:00,1.0,0.7855347623979471,0.0316404279569001,0.15118438168825268,0.8171751903548472
BTC-USD,2025-12-09 02:13:58.358963+00:00,1.0,0.8515425029524557,0.01634108018993608,0.11577533666767216,0.8678835831423918
BTC-USD,2025-12-09 02:13:58.358963+00:00,1.0,0.7787788532893504,0.03209557055046356,0.15703000560972247,0.8108744238398139
BTC-USD,2025-12-09 02:13:58.358963+00:00,1.0,0.8551367546102587,0.021901271091233812,0.10106070320727356,0.8770380257014926
BTC-USD,2025-12-09 02:13:58.358963+00:00,1.0,0.7784548978593149,0.03723797214541452,0.14706915784985602,0.8156928700047293
BTC-USD,2025-12-09 02:13:58.358963+00:00,1.0,0.7455269059261492,0.04357990605008661,0.1673132819736775,0.7891068119762359
BTC-USD,2025-12-09 02:13:58.358963+00:00,1.0,0.7314992853175274,0.042759919026988405,0.18298087662849574,0.7742592043445158
BTC-USD,2025-12-09 02:13:58.358963+00:00,1.0,0.8533414069691878,0.021574820506570464,0.10350895201767128,0.8749162274757583
BTC-USD,2025-12-09 02:13:58.358963+00:00,1.0,0.7488691199176123,0.04174861911382498,0.16763364185473778,0.7906177390314373
BTC-USD,2025-12-09 02:13:58.358963+00:00,1.0,0.8070998141555611,0.031629049725872285,0.12964208639269434,0.8387288638814334
BTC-USD,2025-12-09 02:13:58.358963+00:00,1.0,0.7051306006901041,0.046714446199964815,0.2014405069099662,0.7518450468900689
BTC-USD,2025-12-09 02:13:58.358963+00:00,1.0,0.7916957055701029,0.03465477921086903,0.13899473600815912,0.826350484780972
BTC-USD,2025-12-09 02:13:58.358963+00:00,1.0,0.61180927270634,0.05024891421940557,0.28769289885484883,0.6620581869257456
BTC-USD,2025-12-09 02:13:58.358963+00:00,1.0,0.7776587065118834,0.04274031627274955,0.13686066094261745,0.820399022784633
BTC-USD,2025-12-09 02:13:58.358963+00:00,1.0,0.4478888106348302,0.08619912611063643,0.379712937143897,0.5340879367454666
BTC-USD,2025-12-09 02:13:58.358963+00:00,1.0,0.7105223019142851,0.04922172264391123,0.19103425279789238,0.7597440245581963
BTC-USD,2025-12-09 02:13:58.358963+00:00,0.0,0.3452992119002129,0.08552330981854793,0.4836541684626912,0.43082252171876084
BTC-USD,2025-12-09 02:13:58.358963+00:00,1.0,0.6347332137724139,0.059207024641525156,0.24685273694453583,0.693940238413939
BTC-USD,2025-12-09 02:13:58.358963+00:00,0.0,0.3291641738360141,0.09540433264209024,0.48002716087980546,0.42456850647810435
BTC-USD,2025-12-09 02:13:58.358963+00:00,1.0,0.6110712872846354,0.06099168067799188,0.26694535135938063,0.6720629679626273
BTC-USD,2025-12-09 02:13:58.358963+00:00,0.0,0.29891234687248336,0.11375271652401539,0.4735822200794858,0.4126650633964988
BTC-USD,2025-12-09 02:13:58.358963+00:00,1.0,0.5814112731134791,0.07248340655253825,0.2736219137814445,0.6538946796660173
BTC-USD,2025-12-09 02:13:58.358963+00:00,1.0,0.374986151371704,0.10919191504200454,0.4066300185442868,0.48417806641370853
BTC-USD,2025-12-09 02:13:58.358963+00:00,1.0,0.6482171785596461,0.055820366239960596,0.2401420889604327,0.7040375447996067
BTC-USD,2025-12-09 02:13:58.358963+00:00,1.0,0.34266202100558035,0.11208325431959125,0.43317147035523706,0.4547452753251716
BTC-USD,2025-12-09 02:13:58.358963+00:00,1.0,0.7219034144798795,0.041808163695268595,0.19448025812958333,0.7637115781751481
BTC-USD,2025-12-09 02:13:58.358963+00:00,1.0,0.35631188152064575,0.09736272571470103,0.44896266704995236,0.45367460723534675
BTC-USD,2025-12-09 02:13:58.358963+00:00,1.0,0.7625280390854179,0.05156011281556512,0.13435173528345182,0.814088151900983
BTC-USD,2025-12-09 02:13:58.358963+00:00,1.0,0.3598081706869618,0.09908671293013321,0.44201840345277177,0.458894883617095
BTC-USD,2025-12-09 02:13:58.358963+00:00,1.0,0.7403341425847527,0.0529994955236874,0.15366686636787247,0.7933336381084402
BTC-USD,2025-12-09 02:13:58.358963+00:00,1.0,0.3841676131691306,0.09058988076547622,0.4346526252999169,0.47475749393460687
BTC-USD,2025-12-09 02:13:58.358963+00:00,1.0,0.7254166531135585,0.040034412669466064,0.19451452154750948,0.7654510657830246
BTC-USD,2025-12-09 02:13:58.358963+00:00,1.0,0.437211040951822,0.07103275455694953,0.420723449934279,0.5082437955087715
BTC-USD,2025-12-09 02:13:58.358963+00:00,1.0,0.7908932330499833,0.028906428100223848,0.151293910749569,0.8197996611502071
BTC-USD,2025-12-09 02:13:58.358963+00:00,1.0,0.7411883294389132,0.042172733323896205,0.17446620391329432,0.7833610627628095
BTC-USD,2025-12-09 02:13:58.358963+00:00,1.0,0.8733600636217319,0.012933590399774963,0.10077275557871819,0.8862936540215068
BTC-USD,2025-12-09 02:13:58.358963+00:00,1.0,0.8208012925259697,0.02175383386829962,0.13569103973743107,0.8425551263942693
BTC-USD,2025-12-09 02:13:58.470997+00:00,-1.0,-0.3927106515739439,0.6066454263052737,0.1794197989633964,0.2139347747313298
BTC-USD,2025-12-09 02:13:58.470997+00:00,0.0,-0.0851583253798388,0.31810542606408776,0.4489474732516634,0.23294710068424895
BTC-USD,2025-12-09 02:14:00.120996+00:00,1.0,0.11364237873454941,0.3417175123852926,0.2029225964948654,0.455359891119842
BTC-USD,2025-12-09 02:14:00.120996+00:00,0.0,-0.07004618893173839,0.3117057502726203,0.44663468838649784,0.24165956134088193
BTC-USD,2025-12-09 02:14:00.120996+00:00,-1.0,-0.5536096166241444,0.6710631963899771,0.21148322384419022,0.11745357976583265
BTC-USD,2025-12-09 02:14:00.120996+00:00,1.0,0.0652351975397451,0.3004007266318387,0.3339633491965775,0.3656359241715838
BTC-USD,2025-12-09 02:14:00.324506+00:00,-1.0,-0.5676589016469222,0.7099834531846767,0.14769199527756882,0.14232455153775447
BTC-USD,2025-12-09 02:14:00.324506+00:00,-1.0,-0.3579730021844544,0.5135359036526426,0.3309011948791693,0.15556290146818816
BTC-USD,2025-12-09 02:14:00.635806+00:00,-1.0,-0.32906811094610844,0.48812357180628124,0.352820967333546,0.15905546086017278
BTC-USD,2025-12-09 02:14:00.635806+00:00,-1.0,-0.30209589070873766,0.46754556086238536,0.36700476898396694,0.1654496701536477
BTC-USD,2025-12-09 02:14:01.628417+00:00,0.0,-0.2529722215711455,0.41303552427234896,0.4269011730264475,0.16006330270120347
BTC-USD,2025-12-09 02:14:01.628417+00:00,0.0,-0.13177346935717862,0.3058658878304723,0.520041693696234,0.17409241847329368
BTC-USD,2025-12-09 02:14:02.118731+00:00,0.0,-0.1408337649990561,0.30779614542873435,0.5252414741415875,0.16696238042967826
BTC-USD,2025-12-09 02:14:02.118731+00:00,0.0,-0.1408337649990561,0.30779614542873435,0.5252414741415875,0.16696238042967826
BTC-USD,2025-12-09 02:14:02.353466+00:00,-1.0,-0.3566662860518959,0.553628437102533,0.2494094118468298,0.19696215105063708
BTC-USD,2025-12-09 02:14:02.353466+00:00,0.0,-0.2515005994331668,0.3822471241169531,0.48700635119926067,0.13074652468378628
BTC-USD,2025-12-09 02:14:02.353466+00:00,0.0,-0.18989545632191507,0.31272087415374455,0.5644537080144258,0.1228254178318295
BTC-USD,2025-12-09 02:14:02.353466+00:00,0.0,-0.19561800195705245,0.33629397076510364,0.5230300604268452,0.1406759688080512
BTC-USD,2025-12-09 02:14:02.353466+00:00,0.0,-0.15799987199468005,0.30226313895384027,0.5534735940869995,0.14426326695916022
BTC-USD,2025-12-09 02:14:02.353466+00:00,0.0,-0.07003719323976448,0.23636295832898213,0.5973112765818002,0.16632576508921765
BTC-USD,2025-12-09 02:14:02.353466+00:00,-1.0,-0.4421790267602007,0.5829423269517328,0.2762943728567351,0.14076330019153205
BTC-USD,2025-12-09 02:14:02.353466+00:00,0.0,-0.1822595172723005,0.35128186021731683,0.47969579683766694,0.16902234294501634
BTC-USD,2025-12-09 02:14:02.423439+00:00,1.0,0.2784365983064897,0.24331734187568385,0.23492871794214257,0.5217539401821736
BTC-USD,2025-12-09 02:14:02.423439+00:00,0.0,-0.08113418184981813,0.26075212728820923,0.5596299272733998,0.1796179454383911
BTC-USD,2025-12-09 02:14:02.423439+00:00,-1.0,-0.43338643291595597,0.579557327893606,0.27427177712874395,0.14617089497765007
BTC-USD,2025-12-09 02:14:02.423439+00:00,0.0,-0.054084519458276165,0.23104342278452,0.5919976738892362,0.17695890332624384
BTC-USD,2025-12-09 02:14:02.423439+00:00,-1.0,-0.5549588084632432,0.6686236270188307,0.2177115544255817,0.11366481855558755
BTC-USD,2025-12-09 02:14:02.423439+00:00,0.0,-0.20340620213948768,0.3914152710501717,0.4205756600391444,0.18800906891068403
BTC-USD,2025-12-09 02:14:02.423439+00:00,-1.0,-0.6049016313219189,0.7117348203964741,0.18143199052897074,0.1068331890745552
BTC-USD,2025-12-09 02:14:02.423439+00:00,0.0,-0.18637107479967696,0.3599388598187739,0.46649335516212925,0.17356778501909692
BTC-USD,2025-12-09 02:14:02.442991+00:00,-1.0,-0.46437656082224066,0.6194029280306774,0.22557070476088595,0.15502636720843674
BTC-USD,2025-12-09 02:14:02.442991+00:00,0.0,-0.2032695226896438,0.3396100880455208,0.5240493465986023,0.136340565355877
BTC-USD,2025-12-09 02:14:02.485023+00:00,-1.0,-0.5864368781788916,0.7131940622890138,0.1600487536008638,0.12675718411012232
BTC-USD,2025-12-09 02:14:02.485023+00:00,0.0,-0.2035268588649518,0.3679458571746856,0.4676351445155805,0.16441899830973378
BTC-USD,2025-12-09 02:14:02.522719+00:00,-1.0,-0.5726245936348409,0.7082362991410428,0.15615199535275515,0.135611705506202
BTC-USD,2025-12-09 02:14:02.522719+00:00,0.0,-0.2497827108180972,0.3946247620745121,0.460533186669073,0.1448420512564149
BTC-USD,2025-12-09 02:14:02.522719+00:00,-1.0,-0.6297020020988288,0.7365900762536198,0.15652184959158905,0.10688807415479108
BTC-USD,2025-12-09 02:14:02.522719+00:00,0.0,-0.20533570277109495,0.3938376289556247,0.4176604448598456,0.18850192618452974
BTC-USD,2025-12-09 02:14:02.613335+00:00,1.0,0.18400248956609494,0.33295086951038205,0.15009577141314087,0.516953359076477
BTC-USD,2025-12-09 02:14:02.613335+00:00,0.0,-0.19599424406388596,0.3599038792130794,0.4761864856377271,0.16390963514919346
BTC-USD,2025-12-09 02:14:03.235634+00:00,1.0,0.27085492415725126,0.2760479996470753,0.17704907654859808,0.5469029238043266
BTC-USD,2025-12-09 02:14:03.235634+00:00,1.0,0.20909097131936005,0.19689518369884934,0.3971186612829412,0.4059861550182094
BTC-USD,2025-12-09 02:14:03.235634+00:00,-1.0,-0.3444654842832548,0.6096825926961124,0.1251002988910301,0.26521710841285756
BTC-USD,2025-12-09 02:14:03.235634+00:00,0.0,-0.1735229675095603,0.35540837502944916,0.462706217450662,0.18188540751988885
BTC-USD,2025-12-09 02:14:04.741979+00:00,1.0,0.30908384448619086,0.2625927739035685,0.1657306077066722,0.5716766183897594
BTC-USD,2025-12-09 02:14:04.741979+00:00,0.0,-0.14687285808741168,0.3716053122672745,0.4036622335528626,0.22473245417986282
BTC-USD,2025-12-09 02:14:04.741979+00:00,0.0,-0.06296206470425753,0.3186916910811533,0.42557868254195086,0.2557296263768958
BTC-USD,2025-12-09 02:14:04.741979+00:00,0.0,0.21905168792329674,0.17932411536355816,0.422300081349587,0.3983758032868549
BTC-USD,2025-12-09 02:14:06.333195+00:00,-1.0,-0.37584779914955324,0.5910478881371146,0.19375202287532406,0.21520008898756135
BTC-USD,2025-12-09 02:14:06.333195+00:00,0.0,-0.20318476684104336,0.37020688753152176,0.4627709917779999,0.1670221206904784
BTC-USD,2025-12-09 02:14:06.992472+00:00,0.0,-0.16749584667951511,0.3657987711524552,0.43589830437460486,0.19830292447294007
BTC-USD,2025-12-09 02:14:06.992472+00:00,0.0,-0.18722133061461138,0.37937224839084305,0.4284768338329253,0.19215091777623167
BTC-USD,2025-12-09 02:14:07.569132+00:00,-1.0,-0.008187949161210906,0.40276983000612143,0.20264828914896807,0.3945818808449105
BTC-USD,2025-12-09 02:14:07.569132+00:00,0.0,0.19671454725636842,0.2017138161529027,0.39985782043782614,0.3984283634092711
BTC-USD,2025-12-09 02:14:08.359892+00:00,0.0,0.1323797571933039,0.23353586799032214,0.4005485068260519,0.365915625183626
BTC-USD,2025-12-09 02:14:08.359892+00:00,0.0,0.1323797571933039,0.23353586799032214,0.4005485068260519,0.365915625183626
BTC-USD,2025-12-09 02:14:08.592392+00:00,-1.0,-0.09119732166270644,0.40756820582206227,0.27606091001858185,0.3163708841593558
BTC-USD,2025-12-09 02:14:08.592392+00:00,0.0,-0.16149678396794745,0.36210610080463357,0.43728458235868023,0.20060931683668612
BTC-USD,2025-12-09 02:14:08.592392+00:00,0.0,-0.1839604902392718,0.37397567323639413,0.43600914376648353,0.19001518299712233
BTC-USD,2025-12-09 02:14:08.592392+00:00,0.0,-0.1839604902392718,0.37397567323639413,0.43600914376648353,0.19001518299712233
BTC-USD,2025-12-09 02:14:08.592392+00:00,-1.0,-0.3983802243650876,0.5862383053260687,0.22590361371295029,0.18785808096098108
BTC-USD,2025-12-09 02:14:08.592392+00:00,0.0,-0.1957581580663271,0.3602808019661066,0.47519655413411394,0.16452264389977952
BTC-USD,2025-12-09 02:14:08.592392+00:00,-1.0,-0.6023349209177158,0.6983989071325976,0.20553710665252073,0.09606398621488174
BTC-USD,2025-12-09 02:14:08.592392+00:00,0.0,-0.16354861806191467,0.3712968387243782,0.4209549406131583,0.2077482206624635
BTC-USD,2025-12-09 02:14:09.087454+00:00,0.0,-0.03278768792160991,0.3293076122584116,0.37417246340478677,0.2965199243368017
BTC-USD,2025-12-09 02:14:09.087454+00:00,0.0,0.09196993722799843,0.2214072002189151,0.4652156623341713,0.31337713744691353
BTC-USD,2025-12-09 02:14:09.736803+00:00,0.0,0.1083641701669554,0.22441081518077768,0.44281419947148937,0.3327749853477331
BTC-USD,2025-12-09 02:14:09.736803+00:00,0.0,0.09818096757743228,0.2269737682584863,0.4478714959055952,0.3251547358359186
BTC-USD,2025-12-09 02:14:09.736803+00:00,-1.0,-0.534068725457103,0.6669617317976029,0.20014526186189738,0.1328930063404999
BTC-USD,2025-12-09 02:14:09.736803+00:00,0.0,-0.2034157327802353,0.3885506480526874,0.4263144366748606,0.1851349152724521
BTC-USD,2025-12-09 02:14:09.777367+00:00,-1.0,-0.6105982405829457,0.7095209349302165,0.19155637072251266,0.09892269434727083
BTC-USD,2025-12-09 02:14:09.777367+00:00,-1.0,-0.285802967860157,0.4297702687494412,0.42626243036127476,0.14396730088928414
BTC-USD,2025-12-09 02:14:09.777367+00:00,-1.0,-0.6637290491153713,0.7491382988896881,0.16545245133599526,0.08540924977431673
BTC-USD,2025-12-09 02:14:09.777367+00:00,0.0,-0.26853526221937596,0.398291688458693,0.47195188530198995,0.12975642623931707
BTC-USD,2025-12-09 02:14:09.777367+00:00,-1.0,-0.6667195100279794,0.759969798587493,0.14677991285299327,0.09325028855951366
BTC-USD,2025-12-09 02:14:09.777367+00:00,0.0,-0.22632439303743287,0.3796358185602034,0.46705275591702605,0.15331142552277052
BTC-USD,2025-12-09 02:14:09.792229+00:00,-1.0,-0.6733780329585123,0.7642997129183916,0.14477860712172913,0.09092167995987933
BTC-USD,2025-12-09 02:14:09.792229+00:00,0.0,-0.2179750922189316,0.382882684494618,0.4522097232296956,0.16490759227568638
BTC-USD,2025-12-09 02:14:09.792229+00:00,-1.0,-0.7387874822234441,0.8065338887397744,0.12571970474389538,0.06774640651633021
BTC-USD,2025-12-09 02:14:09.792229+00:00,0.0,-0.1122861294478425,0.34253879731824466,0.4272085348113531,0.23025266787040216
BTC-USD,2025-12-09 02:14:09.793606+00:00,0.0,-0.17492239611851262,0.33751349022850907,0.4998954156614944,0.16259109410999645
BTC-USD,2025-12-09 02:14:09.793606+00:00,0.0,-0.17158013311386527,0.3211879131587523,0.5292043067963607,0.149607780044887
BTC-USD,2025-12-09 02:14:09.823096+00:00,-1.0,-0.600887736584074,0.7162177483528649,0.16845223987834437,0.11533001176879086
BTC-USD,2025-12-09 02:14:09.823096+00:00,0.0,-0.20855454654858582,0.363222814861328,0.4821089168259298,0.1546682683127422
BTC-USD,2025-12-09 02:14:09.823096+00:00,-1.0,-0.6531466356942046,0.7500303006336011,0.1530860344270024,0.09688366493939646
BTC-USD,2025-12-09 02:14:09.823096+00:00,0.0,-0.10398817828955051,0.32338147051582344,0.45722523725790376,0.21939329222627293
BTC-USD,2025-12-09 02:14:09.823438+00:00,0.0,-0.15762454324165162,0.32812866967525933,0.501367203891133,0.1705041264336077
BTC-USD,2025-12-09 02:14:09.823438+00:00,0.0,-0.15484484880886323,0.32591160959656146,0.5030216296157403,0.17106676078769822
BTC-USD,2025-12-09 02:14:09.823438+00:00,-1.0,-0.5722000550968256,0.6940015207935056,0.18419701350981435,0.12180146569668004
BTC-USD,2025-12-09 02:14:09.823438+00:00,0.0,-0.12679783006604345,0.2793625691757185,0.5680726917146065,0.15256473910967505
BTC-USD,2025-12-09 02:14:09.825673+00:00,0.0,-0.16073326214822128,0.29687837924950533,0.5669765036492106,0.13614511710128405
BTC-USD,2025-12-09 02:14:09.825673+00:00,0.0,-0.16073326214822128,0.29687837924950533,0.5669765036492106,0.13614511710128405
BTC-USD,2025-12-09 02:14:09.847967+00:00,0.0,-0.17830917217145326,0.32334948284586346,0.5316102064797263,0.1450403106744102
BTC-USD,2025-12-09 02:14:09.847967+00:00,0.0,-0.06719601229269104,0.2277985357810096,0.6115989407306719,0.16060252348831855
BTC-USD,2025-12-09 02:14:09.922402+00:00,0.0,0.12410728333002999,0.23871480307803436,0.39846311051390126,0.36282208640806435
BTC-USD,2025-12-09 02:14:09.922402+00:00,0.0,0.09580777309568275,0.18794463054495628,0.5283029658144047,0.28375240364063903
BTC-USD,2025-12-09 02:14:09.922402+00:00,1.0,0.5715125282028621,0.13278463524692047,0.16291820130329696,0.7042971634497825
BTC-USD,2025-12-09 02:14:09.922402+00:00,1.0,0.19633366450741008,0.20826652151663005,0.3871332924593298,0.40460018602404013
BTC-USD,2025-12-09 02:14:09.922402+00:00,1.0,0.6524249120648911,0.08753520210313334,0.17250468372884234,0.7399601141680244
BTC-USD,2025-12-09 02:14:09.922402+00:00,0.0,0.21777063182889042,0.1765633061102703,0.42910275595056896,0.3943339379391607
BTC-USD,2025-12-09 02:14:10.574623+00:00,-1.0,-0.32552231740292564,0.5510078247784664,0.22350666784599285,0.2254855073755408
BTC-USD,2025-12-09 02:14:10.574623+00:00,-1.0,-0.2590909524574766,0.44156603310226417,0.37595888625294815,0.18247508064478757
BTC-USD,2025-12-09 02:14:11.063629+00:00,-1.0,-0.29053620924931,0.4585137060131439,0.37350879722302216,0.1679774967638339
BTC-USD,2025-12-09 02:14:11.063629+00:00,-1.0,-0.29053620924931,0.4585137060131439,0.37350879722302216,0.1679774967638339
BTC-USD,2025-12-09 02:14:11.352104+00:00,-1.0,-0.2422559376459552,0.5163854139037325,0.20948510983849022,0.2741294762577773
BTC-USD,2025-12-09 02:14:11.352104+00:00,0.0,-0.0469749343477783,0.21928097246061082,0.6084129894265566,0.17230603811283252
BTC-USD,2025-12-09 02:14:12.433906+00:00,0.0,-0.09632862526429334,0.313551858325779,0.4692249086127353,0.21722323306148564
BTC-USD,2025-12-09 02:14:12.433906+00:00,0.0,-0.09793836919617291,0.3147746543127972,0.4683890605705784,0.2168362851166243
BTC-USD,2025-12-09 02:14:12.433906+00:00,0.0,-0.0854208820994608,0.2922031065063139,0.501014669086833,0.20678222440685312
BTC-USD,2025-12-09 02:14:12.433906+00:00,0.0,0.04982799597631843,0.18753339135876843,0.5751052213061447,0.23736138733508685
BTC-USD,2025-12-09 02:14:12.433906+00:00,0.0,0.03213135550172619,0.21683080944052557,0.5342070256172227,0.24896216494225176
BTC-USD,2025-12-09 02:14:12.433906+00:00,0.0,0.03409586491025271,0.21639070202757685,0.5331227310345936,0.25048656693782956
BTC-USD,2025-12-09 02:14:12.433906+00:00,0.0,0.030768227138803922,0.21845746023614437,0.5323168523889074,0.2492256873749483
BTC-USD,2025-12-09 02:14:12.433906+00:00,0.0,0.04491037164108255,0.21645441286761094,0.5221808026236956,0.2613647845086935
BTC-USD,2025-12-09 02:14:13.716060+00:00,0.0,0.12436431150641789,0.1433546057324557,0.5889264770286706,0.2677189172388736
BTC-USD,2025-12-09 02:14:13.716060+00:00,0.0,0.12436431150641789,0.1433546057324557,0.5889264770286706,0.2677189172388736
